137.52728,137.57062,137.61392,137.65723,137.70056,137.74387,137.78717,137.8305,137.87384,137.91714,137.96045,138.00378,138.04712,138.09042,138.13373,138.17706,138.2204,138.26373,138.30704,138.35037,138.39368,138.43701,138.48035,138.52368,138.56702,138.61035,138.65366,138.69699,138.74033,138.78363,138.82697,138.8703,138.91364,138.95697,139.0003,139.04364,139.08698,139.13031,139.17365,139.21698,139.26031,139.30365,139.34698,139.39032,139.43365,139.47696,139.5203,139.56363,139.60696,139.6503,139.69363,139.73697,139.7803,139.82364,139.86694,139.91028,139.95361,139.99695,140.04028,140.08362,140.12695,140.17029,140.21362,140.25696,140.3003,140.34363,140.38696,140.4303,140.47363,140.51697,140.56027,140.6036,140.64694,140.69025,140.73358,140.77692,140.82025,140.86359,140.90692,140.95023,140.99356,141.03687,141.0802,141.12354,141.16687,141.21017,141.25348,141.29681,141.34015,141.38345,141.42676,141.4701,141.51343,141.55673,141.60004,141.64337,141.68668,141.72998,141.77332
137.52637,137.5697,137.61304,137.65637,137.6997,137.74304,137.78638,137.82971,137.87305,137.91638,137.95972,138.00305,138.04639,138.08972,138.13306,138.17642,138.21976,138.26312,138.30646,138.3498,138.39313,138.4365,138.47983,138.5232,138.56653,138.60986,138.65323,138.6966,138.73993,138.78326,138.8266,138.86996,138.91333,138.95667,139.0,139.04337,139.08673,139.13007,139.17343,139.2168,139.26013,139.30347,139.34683,139.3902,139.43353,139.47687,139.52026,139.5636,139.60693,139.6503,139.69366,139.737,139.78033,139.82373,139.86707,139.9104,139.95377,139.99713,140.04047,140.0838,140.12717,140.17053,140.21387,140.25723,140.3006,140.34393,140.38727,140.43063,140.474,140.51733,140.56067,140.604,140.64737,140.69073,140.73407,140.7774,140.82077,140.8641,140.90747,140.9508,140.99414,141.03748,141.08084,141.12418,141.16754,141.21088,141.25421,141.29755,141.34088,141.38422,141.42755,141.47089,141.51422,141.55756,141.60089,141.64423,141.68756,141.7309,141.77423
137.52542,137.56879,137.61212,137.65546,137.69882,137.74219,137.78552,137.82889,137.87225,137.91559,137.95898,138.00232,138.04568,138.08905,138.13242,138.17578,138.21912,138.26251,138.30585,138.34924,138.39258,138.43597,138.47931,138.5227,138.56604,138.60944,138.65277,138.69617,138.7395,138.7829,138.82623,138.86963,138.913,138.95636,138.99973,139.04309,139.08649,139.12982,139.17322,139.21658,139.25995,139.30334,139.34668,139.39008,139.43344,139.4768,139.5202,139.56354,139.60693,139.6503,139.69366,139.73706,139.7804,139.82379,139.86716,139.91052,139.95392,139.99725,140.04065,140.08401,140.12738,140.17078,140.21411,140.2575,140.30087,140.34424,140.3876,140.43097,140.47437,140.5177,140.5611,140.60443,140.64783,140.69116,140.73456,140.7779,140.82129,140.86462,140.90802,140.95135,140.99475,141.03809,141.08148,141.12482,141.16818,141.21155,141.25491,141.29828,141.34161,141.38501,141.42834,141.47171,141.51508,141.55841,141.60178,141.64514,141.68848,141.73181,141.77518
137.52448,137.56784,137.6112,137.6546,137.69797,137.74133,137.78473,137.8281,137.87146,137.91486,137.95822,138.00159,138.04498,138.08838,138.13174,138.17511,138.2185,138.2619,138.30527,138.34863,138.39203,138.43542,138.47882,138.52219,138.56555,138.60895,138.65234,138.69574,138.73914,138.7825,138.8259,138.86926,138.91266,138.95605,138.99945,139.04285,139.08624,139.12961,139.173,139.2164,139.25977,139.30316,139.34656,139.38995,139.43335,139.47675,139.52014,139.56354,139.6069,139.6503,139.6937,139.73706,139.78046,139.82385,139.86725,139.91064,139.95404,139.99744,140.04083,140.0842,140.1276,140.17099,140.21436,140.25775,140.30115,140.34454,140.38794,140.43134,140.4747,140.5181,140.56146,140.60486,140.64825,140.69165,140.73505,140.77841,140.82178,140.86517,140.90857,140.95197,140.99533,141.0387,141.08209,141.12549,141.16885,141.21222,141.25562,141.29901,141.34238,141.38574,141.42914,141.4725,141.51587,141.55927,141.60263,141.646,141.68939,141.73276,141.77612
137.52356,137.56693,137.61032,137.65372,137.69708,137.74048,137.78387,137.82727,137.87067,137.91406,137.95746,138.00085,138.04425,138.08765,138.13107,138.17447,138.21786,138.26129,138.30469,138.34808,138.39148,138.43488,138.47827,138.52167,138.5651,138.60849,138.65192,138.69531,138.73871,138.7821,138.82553,138.86893,138.91235,138.95575,138.99915,139.04257,139.08597,139.1294,139.17279,139.21619,139.25961,139.30304,139.34644,139.38983,139.43323,139.47665,139.52008,139.56348,139.60687,139.6503,139.69373,139.73712,139.78052,139.82394,139.86737,139.91077,139.95416,139.99756,140.04099,140.08441,140.1278,140.1712,140.21463,140.25803,140.30145,140.34485,140.38824,140.43167,140.47507,140.5185,140.56189,140.60529,140.64868,140.69211,140.7355,140.77893,140.82233,140.86572,140.90912,140.95251,140.99591,141.0393,141.08273,141.12613,141.16953,141.21295,141.25635,141.29974,141.34314,141.38654,141.42993,141.47333,141.51672,141.56012,141.60352,141.64688,141.69028,141.73367,141.77704
137.52258,137.56601,137.60944,137.65283,137.69623,137.73965,137.78308,137.82648,137.86987,137.91333,137.95673,138.00012,138.04358,138.08698,138.1304,138.17383,138.21722,138.26065,138.30408,138.3475,138.39093,138.43433,138.47778,138.52118,138.5646,138.60803,138.65146,138.69489,138.73831,138.78174,138.82516,138.86859,138.91202,138.95544,138.99887,139.0423,139.08572,139.12915,139.17258,139.216,139.25946,139.30286,139.34631,139.38971,139.43317,139.47656,139.52002,139.56345,139.60687,139.6503,139.69373,139.73715,139.78058,139.82404,139.86743,139.91089,139.95428,139.99774,140.04114,140.0846,140.12802,140.17145,140.21487,140.2583,140.30173,140.34515,140.38858,140.432,140.47543,140.51886,140.56229,140.60571,140.64914,140.69257,140.736,140.77942,140.82281,140.86627,140.90967,140.9531,140.99652,141.03995,141.08337,141.12677,141.1702,141.21362,141.25702,141.30048,141.34387,141.38727,141.43073,141.47412,141.51752,141.56094,141.60437,141.64777,141.69116,141.73459,141.77802
137.52167,137.56506,137.60852,137.65195,137.69537,137.7388,137.78223,137.82568,137.86911,137.91254,137.956,137.99942,138.04285,138.0863,138.12973,138.17316,138.21661,138.26004,138.30347,138.34692,138.39038,138.4338,138.47723,138.52069,138.56415,138.60757,138.651,138.69446,138.73792,138.78137,138.8248,138.86823,138.91168,138.95514,138.9986,139.04202,139.08548,139.1289,139.17236,139.21582,139.25928,139.30273,139.34616,139.38959,139.43304,139.4765,139.51996,139.56342,139.60687,139.6503,139.69373,139.73718,139.78064,139.8241,139.86755,139.91101,139.95444,139.99786,140.04132,140.08478,140.12823,140.17169,140.21512,140.25858,140.302,140.34546,140.38892,140.43237,140.4758,140.51923,140.56268,140.60614,140.6496,140.69302,140.73645,140.7799,140.82336,140.86679,140.91022,140.95367,140.99713,141.04056,141.08398,141.12744,141.17087,141.2143,141.25775,141.30118,141.3446,141.38806,141.43149,141.47491,141.51837,141.5618,141.60522,141.64865,141.69208,141.73553,141.77893
137.52072,137.56415,137.6076,137.65106,137.69452,137.73798,137.78143,137.82486,137.86832,137.91177,137.95523,137.99869,138.04214,138.0856,138.12906,138.17252,138.21597,138.25943,138.30289,138.34634,138.3898,138.43329,138.47675,138.5202,138.56366,138.60712,138.65057,138.69403,138.73749,138.78098,138.82443,138.86792,138.91138,138.95483,138.99829,139.04175,139.0852,139.1287,139.17218,139.21564,139.2591,139.30255,139.34601,139.3895,139.43298,139.47644,139.5199,139.56335,139.60681,139.6503,139.69379,139.73724,139.7807,139.82416,139.86761,139.9111,139.95459,139.99805,140.0415,140.08496,140.12842,140.1719,140.2154,140.25885,140.3023,140.34576,140.38922,140.43268,140.47617,140.51962,140.56311,140.60657,140.65002,140.69348,140.73694,140.7804,140.82385,140.86731,140.9108,140.95425,140.99771,141.04117,141.08463,141.12808,141.17154,141.215,141.25845,141.30191,141.34537,141.38882,141.43228,141.47574,141.51917,141.56262,141.60608,141.64954,141.693,141.73645,141.77988
137.51978,137.56323,137.60669,137.65018,137.69366,137.73712,137.78058,137.82404,137.86752,137.91101,137.95447,137.99796,138.04144,138.0849,138.12836,138.17188,138.21533,138.25879,138.3023,138.34576,138.38925,138.43274,138.4762,138.51968,138.56317,138.60666,138.65015,138.6936,138.73712,138.78058,138.82407,138.86755,138.91104,138.95453,138.99799,139.0415,139.08496,139.12848,139.17194,139.21545,139.25891,139.3024,139.34589,139.38937,139.43286,139.47635,139.51984,139.56332,139.60681,139.6503,139.69379,139.73727,139.78076,139.82425,139.86774,139.91122,139.95471,139.9982,140.04169,140.08514,140.12866,140.17212,140.21564,140.2591,140.30261,140.34607,140.38956,140.43304,140.47653,140.52002,140.56348,140.607,140.65045,140.69394,140.73743,140.78091,140.8244,140.86786,140.91135,140.95483,140.99829,141.04181,141.08527,141.12872,141.17224,141.2157,141.25916,141.30264,141.34613,141.38959,141.43307,141.47656,141.52002,141.56348,141.60693,141.65042,141.69391,141.73737,141.78082
137.51883,137.56232,137.6058,137.64929,137.69278,137.73627,137.77975,137.82324,137.86676,137.91022,137.95374,137.99722,138.04071,138.08423,138.12769,138.1712,138.21469,138.25818,138.3017,138.34518,138.38867,138.43219,138.47571,138.5192,138.56268,138.6062,138.64969,138.69318,138.7367,138.78021,138.8237,138.86719,138.9107,138.95422,138.99771,139.0412,139.08472,139.12823,139.17175,139.21524,139.25873,139.30225,139.34576,139.38928,139.43277,139.47626,139.51978,139.5633,139.60681,139.6503,139.69379,139.7373,139.78082,139.82434,139.86783,139.91132,139.95483,139.99835,140.04187,140.08536,140.12885,140.17236,140.21588,140.2594,140.30289,140.34637,140.3899,140.43341,140.4769,140.52039,140.5639,140.60742,140.65091,140.6944,140.73792,140.7814,140.82489,140.86841,140.91193,140.95541,140.9989,141.04242,141.0859,141.1294,141.17291,141.21637,141.25989,141.30338,141.34686,141.39038,141.43384,141.47736,141.52084,141.56433,141.60782,141.6513,141.6948,141.73828,141.78177
137.51788,137.5614,137.60492,137.6484,137.6919,137.73541,137.77893,137.82245,137.86597,137.90948,137.95297,137.99649,138.04001,138.0835,138.12701,138.17053,138.21405,138.25757,138.30109,138.3446,138.38812,138.43164,138.47516,138.51868,138.5622,138.60571,138.64923,138.69275,138.7363,138.77982,138.82333,138.86685,138.9104,138.95392,138.99744,139.04095,139.08447,139.12799,139.17151,139.21503,139.25858,139.3021,139.34564,139.38916,139.43268,139.4762,139.51971,139.56323,139.60678,139.6503,139.69382,139.73737,139.78088,139.8244,139.86792,139.91144,139.95496,139.9985,140.04202,140.08557,140.12909,140.1726,140.21613,140.25964,140.30316,140.34668,140.3902,140.43375,140.47726,140.52078,140.5643,140.60785,140.65137,140.69489,140.7384,140.78192,140.82544,140.86896,140.91248,140.956,140.99951,141.04303,141.08655,141.13007,141.17358,141.2171,141.26059,141.30411,141.34763,141.39111,141.43463,141.47815,141.52167,141.56519,141.6087,141.65219,141.69568,141.7392,141.78271
137.51694,137.56049,137.604,137.64752,137.69104,137.73456,137.7781,137.82162,137.86517,137.90869,137.95221,137.99576,138.0393,138.08282,138.12634,138.16989,138.21344,138.25696,138.30048,138.34406,138.38757,138.43109,138.47464,138.51819,138.5617,138.60529,138.6488,138.69235,138.7359,138.77942,138.82297,138.86652,138.91003,138.95361,138.99713,139.04068,139.08423,139.12775,139.17133,139.21484,139.25839,139.30194,139.34549,139.38904,139.43256,139.47614,139.51965,139.56323,139.60675,139.6503,139.69385,139.73737,139.78094,139.82446,139.86804,139.91156,139.95511,139.99866,140.0422,140.08575,140.12927,140.17285,140.21637,140.25992,140.30347,140.34698,140.39056,140.43408,140.47763,140.52118,140.5647,140.60825,140.6518,140.69531,140.73889,140.78241,140.82596,140.8695,140.91302,140.95654,141.00012,141.04364,141.08716,141.1307,141.17426,141.21777,141.26129,141.30484,141.34839,141.3919,141.43542,141.47897,141.52249,141.56604,141.60956,141.65308,141.6966,141.74011,141.78366
137.51599,137.55954,137.60309,137.64664,137.69019,137.7337,137.77728,137.8208,137.86438,137.9079,137.95148,137.99503,138.03857,138.08212,138.12567,138.16925,138.21277,138.25635,138.2999,138.34344,138.38702,138.43057,138.47412,138.5177,138.56125,138.6048,138.64838,138.69193,138.73547,138.77905,138.8226,138.86615,138.90973,138.95331,138.99683,139.0404,139.08398,139.12753,139.17108,139.21466,139.25824,139.30179,139.34534,139.38892,139.4325,139.47604,139.51959,139.56317,139.60675,139.6503,139.69385,139.73743,139.781,139.82455,139.8681,139.91168,139.95526,139.99881,140.04236,140.08594,140.12952,140.17307,140.21661,140.2602,140.30377,140.34729,140.39087,140.43445,140.478,140.52155,140.56512,140.60867,140.65222,140.6958,140.73935,140.7829,140.82648,140.87003,140.91357,140.95715,141.0007,141.04425,141.08783,141.13135,141.17493,141.21848,141.26202,141.30557,141.34912,141.3927,141.43622,141.4798,141.52332,141.5669,141.61041,141.65396,141.69751,141.74106,141.7846
137.51505,137.5586,137.60217,137.64575,137.6893,137.73288,137.77643,137.82,137.86359,137.90717,137.95071,137.9943,138.03784,138.08142,138.125,138.16858,138.21216,138.25574,138.29932,138.3429,138.38644,138.43002,138.4736,138.51718,138.56076,138.60434,138.64792,138.6915,138.73508,138.77866,138.82224,138.86581,138.9094,138.95297,138.99655,139.04016,139.08374,139.12732,139.1709,139.21448,139.25806,139.30164,139.34521,139.3888,139.43237,139.47595,139.51953,139.56311,139.60672,139.6503,139.69388,139.73749,139.78107,139.82465,139.86823,139.9118,139.95538,139.99896,140.04254,140.08612,140.1297,140.17328,140.21686,140.26044,140.30405,140.34763,140.3912,140.43478,140.47836,140.52194,140.56552,140.6091,140.65268,140.69626,140.73984,140.78342,140.827,140.87057,140.91415,140.9577,141.00128,141.04486,141.08844,141.13202,141.1756,141.21918,141.26276,141.3063,141.34988,141.39343,141.43701,141.48059,141.52417,141.56772,141.6113,141.65485,141.69843,141.742,141.78555
137.5141,137.55768,137.60126,137.64484,137.68842,137.73203,137.7756,137.81921,137.8628,137.90637,137.94995,137.99353,138.03714,138.08075,138.12433,138.16791,138.21152,138.25513,138.2987,138.34229,138.3859,138.4295,138.47308,138.51666,138.56027,138.60388,138.64746,138.69107,138.73468,138.77826,138.82187,138.86548,138.90906,138.95267,138.99628,139.03986,139.08347,139.12708,139.17065,139.2143,139.25787,139.30148,139.3451,139.38867,139.43228,139.47589,139.51947,139.56311,139.60669,139.6503,139.69391,139.73749,139.78113,139.8247,139.86832,139.91193,139.9555,139.99911,140.04272,140.0863,140.12994,140.17352,140.21713,140.26074,140.30432,140.34793,140.39154,140.43512,140.47873,140.52234,140.56592,140.60953,140.65314,140.69672,140.74033,140.78394,140.82751,140.8711,140.9147,140.95831,141.00189,141.04547,141.08908,141.13269,141.17627,141.21985,141.26346,141.30707,141.35065,141.39423,141.4378,141.48138,141.525,141.56857,141.61218,141.65576,141.69934,141.74292,141.7865
137.51315,137.55676,137.60034,137.64398,137.68756,137.73117,137.77478,137.81839,137.862,137.90558,137.94922,137.9928,138.03644,138.08002,138.12366,138.16727,138.21088,138.25449,138.2981,138.34174,138.38531,138.42896,138.47256,138.51617,138.55978,138.6034,138.64703,138.69064,138.73425,138.7779,138.8215,138.86511,138.90875,138.95236,138.99597,139.03961,139.08322,139.12683,139.17047,139.21408,139.25769,139.30133,139.34494,139.38855,139.43219,139.47583,139.51944,139.56305,139.60669,139.6503,139.69391,139.73755,139.78116,139.82477,139.86841,139.91205,139.95566,139.99927,140.04291,140.08652,140.13013,140.17377,140.21738,140.26099,140.30463,140.34824,140.39185,140.43549,140.4791,140.5227,140.56635,140.60995,140.65356,140.6972,140.74081,140.78442,140.82803,140.87164,140.91528,140.95886,141.0025,141.04611,141.08972,141.13333,141.17694,141.22058,141.26416,141.3078,141.35138,141.39502,141.4386,141.48221,141.52582,141.56943,141.61304,141.65662,141.70026,141.74384,141.78745
137.5122,137.55585,137.59943,137.64307,137.6867,137.73032,137.77393,137.81757,137.8612,137.90485,137.94846,137.99207,138.0357,138.07935,138.12299,138.1666,138.21024,138.25385,138.29749,138.34113,138.38477,138.4284,138.47205,138.51569,138.55933,138.60294,138.64658,138.69022,138.73386,138.7775,138.82114,138.86478,138.90839,138.95203,138.99567,139.0393,139.08295,139.12659,139.17023,139.21387,139.2575,139.30115,139.34479,139.38846,139.4321,139.47574,139.51938,139.56302,139.60666,139.6503,139.69394,139.73758,139.78122,139.82486,139.8685,139.91214,139.95581,139.99945,140.04309,140.08673,140.13037,140.17401,140.21765,140.26129,140.30493,140.34857,140.39221,140.43582,140.47946,140.5231,140.56674,140.61038,140.65402,140.69766,140.74127,140.78491,140.82855,140.8722,140.91583,140.95947,141.00311,141.04675,141.09036,141.134,141.17761,141.22125,141.2649,141.30853,141.35214,141.39575,141.43939,141.48303,141.52667,141.57028,141.61389,141.65753,141.70117,141.74475,141.78839
137.51126,137.5549,137.59854,137.64218,137.68582,137.72946,137.77313,137.81677,137.86041,137.90405,137.9477,137.99133,138.03497,138.07864,138.12231,138.16595,138.2096,138.25323,138.29688,138.34055,138.38422,138.42786,138.4715,138.51517,138.55884,138.60248,138.64612,138.68979,138.73346,138.7771,138.82074,138.86444,138.90808,138.95172,138.99539,139.03906,139.0827,139.12637,139.17004,139.21368,139.25735,139.30103,139.34467,139.38834,139.432,139.47565,139.51932,139.56299,139.60663,139.6503,139.69397,139.73761,139.78128,139.82495,139.86859,139.91226,139.95593,139.99957,140.04324,140.08691,140.13055,140.17422,140.2179,140.26154,140.3052,140.34888,140.39252,140.43616,140.47986,140.5235,140.56714,140.61081,140.65448,140.69812,140.74176,140.78543,140.8291,140.87274,140.91638,140.96005,141.00372,141.04736,141.091,141.13464,141.17828,141.22195,141.26562,141.30927,141.3529,141.39655,141.44019,141.48383,141.52747,141.57114,141.61478,141.65842,141.70206,141.7457,141.78934
137.51031,137.55396,137.59763,137.6413,137.68494,137.7286,137.77228,137.81592,137.85962,137.90326,137.94696,137.9906,138.03427,138.07794,138.12161,138.16528,138.20895,138.25262,138.2963,138.33997,138.38364,138.4273,138.47101,138.51465,138.55835,138.60199,138.64569,138.68936,138.73303,138.77673,138.82037,138.86407,138.90775,138.95142,138.99512,139.03879,139.08246,139.12616,139.1698,139.2135,139.25717,139.30084,139.34454,139.38821,139.43188,139.47559,139.51926,139.56293,139.60663,139.6503,139.69397,139.73767,139.78134,139.82501,139.86871,139.91238,139.95605,139.99976,140.04343,140.0871,140.1308,140.17444,140.21814,140.26181,140.30548,140.34918,140.39285,140.43652,140.48022,140.52386,140.56757,140.61124,140.6549,140.69861,140.74225,140.78595,140.82959,140.87329,140.91696,140.96063,141.0043,141.04797,141.09164,141.13531,141.17899,141.22266,141.26633,141.31,141.35364,141.39734,141.44098,141.48468,141.52832,141.57199,141.61566,141.6593,141.70297,141.74664,141.79028
137.50934,137.55304,137.59671,137.64038,137.68408,137.72775,137.77142,137.81512,137.85883,137.9025,137.94617,137.98987,138.03357,138.07724,138.12091,138.16461,138.20831,138.25201,138.29572,138.33939,138.38306,138.42676,138.47046,138.51416,138.55786,138.60156,138.64523,138.68893,138.73264,138.7763,138.82,138.86371,138.90741,138.95111,138.99481,139.03851,139.08221,139.12592,139.16962,139.21332,139.25702,139.30072,139.34442,139.38812,139.43182,139.4755,139.5192,139.5629,139.6066,139.6503,139.694,139.7377,139.7814,139.8251,139.86877,139.91248,139.95618,139.99988,140.04358,140.08728,140.13098,140.17468,140.21838,140.26208,140.30579,140.34949,140.39319,140.43689,140.48059,140.52429,140.56796,140.61166,140.65536,140.69904,140.74274,140.78644,140.83014,140.87384,140.91754,140.96121,141.00488,141.04858,141.09229,141.13599,141.17969,141.22336,141.26703,141.31073,141.35443,141.3981,141.44177,141.48547,141.52917,141.57285,141.61652,141.66022,141.70389,141.74756,141.79126
137.50839,137.5521,137.5958,137.6395,137.6832,137.7269,137.7706,137.81433,137.85803,137.90173,137.94543,137.98914,138.03284,138.07654,138.12024,138.16394,138.20767,138.25137,138.2951,138.3388,138.3825,138.42621,138.46994,138.51367,138.55737,138.60107,138.64478,138.6885,138.73224,138.77594,138.81964,138.86337,138.9071,138.9508,138.9945,139.03824,139.08197,139.12567,139.16937,139.2131,139.25684,139.30054,139.34427,139.388,139.4317,139.4754,139.51913,139.56287,139.60657,139.6503,139.69403,139.73773,139.78146,139.8252,139.8689,139.9126,139.95633,140.00006,140.04376,140.0875,140.13123,140.17493,140.21863,140.26236,140.30609,140.3498,140.3935,140.43723,140.48096,140.52466,140.56836,140.61209,140.65582,140.69952,140.74323,140.78693,140.83066,140.87439,140.91809,140.96179,141.0055,141.04922,141.09293,141.13666,141.18036,141.22406,141.26776,141.31146,141.35516,141.39886,141.44257,141.48627,141.53,141.5737,141.6174,141.6611,141.7048,141.7485,141.7922
137.50745,137.55115,137.59488,137.63861,137.68231,137.72604,137.76978,137.81348,137.85721,137.90094,137.94467,137.9884,138.0321,138.07584,138.11957,138.1633,138.20703,138.25076,138.2945,138.3382,138.38196,138.42566,138.46942,138.51315,138.55688,138.60062,138.64435,138.68808,138.73181,138.77554,138.81927,138.86304,138.90674,138.9505,138.99423,139.03796,139.08173,139.12543,139.16919,139.21292,139.25665,139.30038,139.34412,139.38788,139.43161,139.47534,139.5191,139.5628,139.60657,139.6503,139.69403,139.7378,139.7815,139.82526,139.86899,139.91272,139.95648,140.00021,140.04395,140.08768,140.13141,140.17517,140.21887,140.26263,140.30637,140.3501,140.39386,140.43756,140.48132,140.52505,140.56879,140.61252,140.65625,140.69998,140.74371,140.78745,140.83118,140.87494,140.91864,140.9624,141.0061,141.04984,141.09357,141.1373,141.18103,141.22476,141.2685,141.3122,141.35593,141.39966,141.44339,141.48712,141.53082,141.57455,141.61829,141.66199,141.70572,141.74945,141.79315
137.50647,137.55023,137.59396,137.6377,137.68146,137.72519,137.76892,137.81268,137.85641,137.90015,137.94391,137.98767,138.0314,138.07513,138.1189,138.16266,138.20639,138.25012,138.29388,138.33765,138.38138,138.42514,138.46887,138.51263,138.5564,138.60016,138.64389,138.68765,138.73138,138.77515,138.81891,138.86267,138.90643,138.9502,138.99396,139.03769,139.08145,139.12521,139.16895,139.2127,139.25647,139.30023,139.344,139.38776,139.43152,139.47528,139.51904,139.5628,139.60654,139.6503,139.69406,139.7378,139.78156,139.82532,139.86908,139.91284,139.9566,140.00037,140.04413,140.08789,140.13165,140.17538,140.21915,140.26291,140.30664,140.3504,140.39417,140.43793,140.48169,140.52545,140.56921,140.61295,140.65671,140.70044,140.7442,140.78796,140.83173,140.87546,140.91922,140.96295,141.00671,141.05048,141.09421,141.13794,141.1817,141.22546,141.2692,141.31293,141.35669,141.40045,141.44418,141.48792,141.53168,141.57541,141.61914,141.6629,141.70663,141.75037,141.79413
137.50555,137.54932,137.59305,137.63681,137.68057,137.72433,137.7681,137.81186,137.85562,137.89938,137.94315,137.98691,138.03067,138.07446,138.11823,138.16199,138.20575,138.24951,138.29327,138.33704,138.3808,138.42459,138.46835,138.51215,138.55591,138.59967,138.64343,138.68723,138.73102,138.77478,138.81854,138.8623,138.9061,138.94989,138.99365,139.03741,139.08118,139.12497,139.16876,139.21252,139.25629,139.30008,139.34387,139.38763,139.4314,139.47519,139.51898,139.56274,139.6065,139.6503,139.69409,139.73785,139.78162,139.82541,139.8692,139.91296,139.95673,140.00052,140.04431,140.08807,140.13184,140.17563,140.21942,140.26318,140.30695,140.35071,140.3945,140.4383,140.48206,140.52582,140.56958,140.61337,140.65717,140.70093,140.74469,140.78845,140.83224,140.876,140.9198,140.96356,141.00732,141.05109,141.09485,141.13861,141.18237,141.22614,141.26993,141.31369,141.35745,141.40121,141.44498,141.48874,141.5325,141.57626,141.62003,141.66379,141.70755,141.75128,141.79504
137.50458,137.54834,137.59213,137.63593,137.67969,137.72348,137.76727,137.81104,137.8548,137.89862,137.94238,137.98615,138.02997,138.07373,138.11752,138.16132,138.20508,138.2489,138.29266,138.33646,138.38025,138.42404,138.46783,138.51163,138.55542,138.59921,138.643,138.6868,138.73059,138.77438,138.81818,138.86197,138.90576,138.94955,138.99335,139.03714,139.08093,139.12476,139.16852,139.21234,139.25613,139.29993,139.34372,139.38751,139.43134,139.4751,139.51892,139.56268,139.6065,139.6503,139.69409,139.73792,139.78168,139.8255,139.86926,139.91309,139.95688,140.00067,140.04446,140.08826,140.13208,140.17584,140.21967,140.26346,140.30725,140.35104,140.39484,140.43863,140.48242,140.52621,140.57,140.6138,140.6576,140.70139,140.74518,140.78897,140.83276,140.87656,140.92035,140.96414,141.00793,141.0517,141.09552,141.13928,141.18307,141.22687,141.27063,141.31445,141.35822,141.40198,141.4458,141.48956,141.53333,141.57712,141.62091,141.66467,141.70847,141.75226,141.79602
137.50363,137.54742,137.59122,137.63501,137.67883,137.7226,137.76642,137.81021,137.854,137.89783,137.94162,137.98541,138.02924,138.07303,138.11682,138.16064,138.20447,138.24826,138.29205,138.33588,138.3797,138.4235,138.46729,138.51111,138.55493,138.59875,138.64255,138.68637,138.73016,138.77399,138.81781,138.86163,138.90543,138.94925,138.99304,139.03687,139.08069,139.12451,139.16833,139.21216,139.25595,139.29977,139.34357,139.38739,139.43121,139.47504,139.51886,139.56268,139.60648,139.6503,139.69412,139.73792,139.78174,139.82556,139.86938,139.91321,139.95703,140.00082,140.04465,140.08844,140.13226,140.17609,140.21991,140.26373,140.30756,140.35135,140.39517,140.43896,140.48279,140.52661,140.57043,140.61423,140.65805,140.70184,140.74567,140.78949,140.83331,140.8771,140.9209,140.96472,141.00854,141.05234,141.09613,141.13995,141.18378,141.22757,141.27136,141.31519,141.35898,141.40277,141.4466,141.49039,141.53418,141.578,141.62177,141.66559,141.70938,141.75317,141.79697
137.50269,137.54648,137.5903,137.6341,137.67792,137.72174,137.76556,137.80939,137.85321,137.89703,137.94086,137.98468,138.0285,138.07233,138.11615,138.15997,138.2038,138.24762,138.29144,138.3353,138.37912,138.42294,138.4668,138.51062,138.55444,138.59827,138.64209,138.68591,138.72977,138.77362,138.81744,138.86127,138.90509,138.94891,138.99277,139.03662,139.08044,139.12427,139.16809,139.21194,139.25577,139.29962,139.34344,139.38727,139.43112,139.47498,139.5188,139.56262,139.60645,139.6503,139.69415,139.73798,139.7818,139.82562,139.86948,139.91333,139.95715,140.00098,140.04483,140.08865,140.1325,140.17633,140.22015,140.26398,140.30783,140.35168,140.39551,140.43933,140.48315,140.52698,140.57083,140.61469,140.65851,140.70233,140.74615,140.78998,140.8338,140.87766,140.92148,140.9653,141.00916,141.05298,141.0968,141.14062,141.18445,141.22827,141.2721,141.31592,141.35974,141.40356,141.44739,141.49121,141.53503,141.57886,141.62268,141.6665,141.7103,141.75412,141.79791
137.50171,137.54553,137.58939,137.63324,137.67706,137.72089,137.76474,137.8086,137.85242,137.89624,137.9401,137.98395,138.02777,138.07162,138.11548,138.1593,138.20319,138.24701,138.29086,138.33472,138.37854,138.4224,138.46625,138.5101,138.55396,138.59778,138.64166,138.68549,138.72937,138.7732,138.81708,138.8609,138.90479,138.94861,138.9925,139.03632,139.0802,139.12402,139.16791,139.21173,139.25562,139.29944,139.34332,139.38715,139.43103,139.47485,139.51874,139.56259,139.60645,139.6503,139.69415,139.738,139.78186,139.82574,139.86957,139.91345,139.95728,140.00116,140.04498,140.08887,140.13269,140.17657,140.2204,140.26428,140.3081,140.35199,140.39581,140.4397,140.48352,140.5274,140.57123,140.61511,140.65894,140.70282,140.74664,140.7905,140.83435,140.8782,140.92206,140.96588,141.00974,141.05359,141.09741,141.1413,141.18512,141.22897,141.27283,141.31665,141.3605,141.40436,141.44818,141.492,141.53586,141.57971,141.62354,141.66736,141.71121,141.75507,141.79889
137.50073,137.54462,137.58844,137.63232,137.67618,137.72003,137.76389,137.80774,137.85162,137.89548,137.93933,137.98322,138.02704,138.07092,138.1148,138.15863,138.20251,138.2464,138.29025,138.3341,138.37799,138.42188,138.46573,138.50958,138.55347,138.59735,138.6412,138.68506,138.72894,138.77283,138.81668,138.86057,138.90442,138.9483,138.99219,139.03607,139.07993,139.12378,139.16766,139.21155,139.25543,139.29932,139.34317,139.38705,139.43091,139.4748,139.51868,139.56256,139.60645,139.6503,139.69415,139.73804,139.78192,139.8258,139.86969,139.91354,139.95743,140.00128,140.04517,140.08905,140.13293,140.17682,140.22067,140.26453,140.30841,140.3523,140.39618,140.44003,140.48392,140.52777,140.57166,140.61554,140.6594,140.70325,140.74713,140.79102,140.83487,140.87872,140.9226,140.96649,141.01035,141.0542,141.09808,141.14197,141.18579,141.22968,141.27356,141.31738,141.36127,141.40512,141.44897,141.49286,141.53671,141.58057,141.62442,141.66827,141.71216,141.75598,141.79987
137.49979,137.54367,137.58752,137.63141,137.6753,137.71918,137.76306,137.80695,137.8508,137.89468,137.93857,137.98245,138.02634,138.07022,138.1141,138.15799,138.20187,138.24576,138.28964,138.33353,138.37741,138.42133,138.46521,138.5091,138.55298,138.59686,138.64075,138.68463,138.72852,138.77243,138.81631,138.86023,138.90411,138.948,138.99188,139.03577,139.07965,139.12357,139.16748,139.21136,139.25525,139.29913,139.34302,139.38693,139.43085,139.47473,139.51862,139.5625,139.60638,139.6503,139.69421,139.7381,139.78198,139.82587,139.86975,139.91367,139.95758,140.00146,140.04535,140.08923,140.13312,140.17703,140.22095,140.26483,140.30872,140.3526,140.39648,140.44037,140.48428,140.52817,140.57208,140.61597,140.65985,140.70374,140.74762,140.7915,140.83539,140.87927,140.92319,140.96707,141.01096,141.05484,141.09872,141.14261,141.1865,141.23038,141.27426,141.31815,141.36203,141.40591,141.4498,141.49365,141.53754,141.58142,141.6253,141.66919,141.71307,141.75693,141.80081
137.49884,137.54272,137.58661,137.6305,137.67441,137.71832,137.7622,137.80609,137.85,137.89392,137.9378,137.98169,138.0256,138.06952,138.1134,138.15732,138.20123,138.24512,138.28903,138.33295,138.37683,138.42078,138.46466,138.50858,138.55249,138.59637,138.64032,138.6842,138.72812,138.77203,138.81595,138.85986,138.90375,138.9477,138.99158,139.03552,139.0794,139.12332,139.16724,139.21115,139.25507,139.29898,139.3429,139.38681,139.43073,139.47464,139.51855,139.56247,139.60638,139.6503,139.69421,139.73813,139.78204,139.82596,139.86987,139.91379,139.9577,140.00162,140.04553,140.08945,140.13336,140.17728,140.22119,140.26508,140.30902,140.3529,140.39685,140.44073,140.48465,140.52856,140.57248,140.6164,140.66028,140.70422,140.74811,140.79202,140.83594,140.87982,140.92377,140.96765,141.01157,141.05548,141.09937,141.14328,141.1872,141.23108,141.275,141.31891,141.3628,141.40668,141.45059,141.4945,141.53839,141.58228,141.62619,141.6701,141.71399,141.75787,141.80176
137.49786,137.54178,137.5857,137.62961,137.67352,137.71744,137.76135,137.8053,137.84918,137.89313,137.93704,137.98096,138.0249,138.06879,138.11273,138.15665,138.20056,138.2445,138.28842,138.33234,138.37628,138.42023,138.46411,138.50806,138.552,138.59592,138.63983,138.68378,138.72772,138.77164,138.81555,138.8595,138.90344,138.94736,138.9913,139.03522,139.07916,139.12311,139.16702,139.21094,139.25488,139.29883,139.34277,139.38669,139.43063,139.47455,139.5185,139.56244,139.60638,139.6503,139.69421,139.73816,139.7821,139.82605,139.86996,139.91391,139.95782,140.00177,140.04572,140.08966,140.13358,140.17749,140.22144,140.26538,140.3093,140.35324,140.39716,140.4411,140.48505,140.52896,140.57288,140.61682,140.66077,140.70468,140.7486,140.79254,140.83649,140.88037,140.92432,140.96826,141.01218,141.05609,141.10004,141.14395,141.18787,141.23181,141.2757,141.31964,141.36356,141.40747,141.45142,141.4953,141.53925,141.58316,141.62708,141.67099,141.7149,141.75882,141.80273
137.49689,137.54083,137.58478,137.62872,137.67264,137.71658,137.7605,137.80444,137.84839,137.89233,137.93628,137.98022,138.02417,138.06812,138.11206,138.15598,138.19992,138.24387,138.28781,138.33176,138.3757,138.41968,138.46362,138.50757,138.55151,138.59546,138.6394,138.68335,138.7273,138.77124,138.81519,138.85913,138.90308,138.94705,138.991,139.03497,139.07892,139.12286,139.16681,139.21075,139.2547,139.29868,139.34262,139.3866,139.43054,139.47449,139.51843,139.56238,139.60632,139.6503,139.69427,139.73822,139.78217,139.82611,139.87006,139.914,139.95798,140.00192,140.0459,140.08984,140.13379,140.17773,140.22168,140.26562,140.3096,140.35355,140.39752,140.44147,140.48541,140.52936,140.5733,140.61725,140.6612,140.70514,140.74908,140.79303,140.83698,140.88092,140.9249,140.96884,141.01279,141.05673,141.10068,141.14462,141.18854,141.23248,141.27643,141.32037,141.36432,141.40826,141.45221,141.49615,141.5401,141.58401,141.62796,141.67188,141.71582,141.75977,141.80371
137.49594,137.53989,137.58386,137.6278,137.67175,137.7157,137.75967,137.80365,137.8476,137.89154,137.93549,137.97946,138.02344,138.06738,138.11133,138.15533,138.19928,138.24323,138.2872,138.33118,138.37512,138.4191,138.46307,138.50702,138.55103,138.59497,138.63895,138.68292,138.72687,138.77087,138.81482,138.8588,138.90277,138.94672,138.99072,139.03467,139.07864,139.12262,139.1666,139.21057,139.25452,139.29852,139.34247,139.38647,139.43042,139.47443,139.51837,139.56235,139.60632,139.6503,139.69427,139.73825,139.78223,139.82617,139.87018,139.91412,139.95813,140.00208,140.04608,140.09003,140.134,140.17798,140.22195,140.26593,140.30988,140.35388,140.39783,140.4418,140.48578,140.52972,140.57373,140.61768,140.66165,140.70563,140.74957,140.79358,140.83752,140.8815,140.92548,140.96942,141.0134,141.05737,141.10132,141.14526,141.18927,141.23322,141.27716,141.32114,141.36511,141.40906,141.453,141.49695,141.54092,141.5849,141.62885,141.67279,141.71674,141.76071,141.80466
137.495,137.53894,137.58292,137.62689,137.67087,137.71484,137.75882,137.8028,137.84677,137.89075,137.93475,137.9787,138.0227,138.06668,138.11066,138.15466,138.19861,138.24261,138.28659,138.33057,138.37457,138.41855,138.46252,138.50653,138.5505,138.59448,138.63849,138.6825,138.72647,138.77045,138.81445,138.85846,138.90244,138.94641,138.99042,139.03442,139.0784,139.12238,139.16638,139.21039,139.25436,139.29834,139.34235,139.38635,139.43033,139.4743,139.51831,139.56232,139.60632,139.6503,139.69427,139.73828,139.78229,139.8263,139.87027,139.91425,139.95825,140.00226,140.04623,140.09021,140.13422,140.17822,140.2222,140.26617,140.31018,140.35419,140.39816,140.44214,140.48615,140.53015,140.57413,140.6181,140.66211,140.70612,140.75009,140.79407,140.83807,140.88205,140.92603,140.97003,141.014,141.05798,141.10199,141.14594,141.18994,141.23392,141.2779,141.3219,141.36584,141.40985,141.45383,141.4978,141.54178,141.58575,141.62973,141.6737,141.71768,141.76166,141.8056
137.49402,137.53802,137.582,137.62598,137.66998,137.71399,137.758,137.80197,137.84598,137.88995,137.93396,137.97797,138.02197,138.06598,138.10999,138.15399,138.198,138.24197,138.28598,138.32999,138.374,138.418,138.462,138.50601,138.55002,138.59402,138.63803,138.68207,138.72607,138.77008,138.81409,138.8581,138.9021,138.9461,138.99011,139.03412,139.07812,139.12213,139.16614,139.21017,139.25418,139.29822,139.34222,139.38623,139.43024,139.47424,139.51825,139.56226,139.6063,139.6503,139.6943,139.73834,139.78235,139.82635,139.87036,139.91437,139.95837,140.00238,140.04642,140.09042,140.13446,140.17847,140.22247,140.26648,140.31049,140.35449,140.3985,140.4425,140.48651,140.53052,140.57452,140.61853,140.66257,140.70657,140.75058,140.79459,140.8386,140.8826,140.9266,140.97061,141.01462,141.05862,141.1026,141.1466,141.19061,141.23462,141.27863,141.32263,141.36664,141.41064,141.45462,141.49863,141.5426,141.58661,141.63062,141.67462,141.7186,141.76257,141.80658
137.49304,137.53705,137.58105,137.62506,137.6691,137.71313,137.75714,137.80115,137.84515,137.88916,137.9332,137.97723,138.02124,138.06525,138.10928,138.15332,138.19733,138.24133,138.28537,138.3294,138.37341,138.41745,138.46149,138.5055,138.54953,138.59357,138.63757,138.68161,138.72565,138.76965,138.81372,138.85773,138.90176,138.9458,138.9898,139.03384,139.07788,139.12192,139.16595,139.20996,139.25403,139.29803,139.34207,139.38611,139.43011,139.47418,139.51819,139.56226,139.60626,139.6503,139.69434,139.73834,139.78241,139.82642,139.87048,139.91449,139.95853,140.00256,140.04657,140.09064,140.13464,140.17868,140.22272,140.26675,140.31079,140.3548,140.39883,140.44287,140.48688,140.53094,140.57495,140.61899,140.66302,140.70703,140.75107,140.7951,140.83911,140.88315,140.92719,140.97119,141.01523,141.05927,141.10327,141.14728,141.19131,141.23535,141.27936,141.32336,141.3674,141.41144,141.45544,141.49945,141.54346,141.58746,141.6315,141.67554,141.71954,141.76355,141.80756
137.49207,137.5361,137.58014,137.62418,137.66821,137.71225,137.75629,137.80032,137.84436,137.8884,137.93243,137.97647,138.02051,138.06454,138.10858,138.15265,138.19666,138.24072,138.28476,138.3288,138.37286,138.4169,138.46094,138.505,138.54904,138.59308,138.63715,138.68118,138.72522,138.76929,138.81332,138.85736,138.90143,138.94547,138.9895,139.03357,139.07764,139.12167,139.16571,139.20978,139.25385,139.29788,139.34192,139.38599,139.43005,139.47409,139.51813,139.5622,139.60626,139.6503,139.69434,139.7384,139.78247,139.8265,139.87054,139.91461,139.95868,140.00272,140.04675,140.09082,140.13489,140.17892,140.22296,140.26703,140.3111,140.35513,140.39917,140.44324,140.48727,140.53131,140.57538,140.61942,140.66345,140.70752,140.75156,140.7956,140.83966,140.8837,140.92773,140.9718,141.01584,141.05988,141.10394,141.14795,141.19202,141.23605,141.28009,141.32413,141.36816,141.4122,141.45624,141.50027,141.54431,141.58835,141.63239,141.67642,141.72046,141.7645,141.80853
137.49109,137.53516,137.57922,137.62326,137.66733,137.71136,137.75543,137.7995,137.84354,137.8876,137.93164,137.97571,138.01978,138.06384,138.10791,138.15198,138.19604,138.24008,138.28415,138.32822,138.37228,138.41632,138.46039,138.50446,138.54852,138.59259,138.63666,138.68073,138.7248,138.76886,138.81293,138.857,138.9011,138.94516,138.98923,139.0333,139.07736,139.12146,139.16553,139.2096,139.25366,139.29773,139.3418,139.38586,139.42993,139.474,139.51807,139.56213,139.60623,139.6503,139.69437,139.73846,139.78253,139.8266,139.87067,139.91473,139.9588,140.00287,140.04694,140.091,140.13507,140.17914,140.22324,140.2673,140.31137,140.35544,140.3995,140.4436,140.48767,140.53174,140.5758,140.61987,140.66394,140.70801,140.75208,140.79614,140.84021,140.88428,140.92831,140.97238,141.01645,141.06052,141.10455,141.14862,141.19269,141.23676,141.28082,141.32489,141.36896,141.413,141.45706,141.5011,141.54517,141.58923,141.63327,141.67734,141.72137,141.76544,141.80951
137.49014,137.53421,137.57828,137.62238,137.66644,137.71051,137.75458,137.79865,137.84271,137.88681,137.93091,137.97498,138.01904,138.06311,138.10721,138.1513,138.19537,138.23944,138.28354,138.32764,138.3717,138.41577,138.45987,138.50397,138.54803,138.59213,138.63623,138.6803,138.7244,138.7685,138.81256,138.85666,138.90076,138.94482,138.98892,139.03302,139.07709,139.12122,139.16528,139.20938,139.25348,139.29755,139.34167,139.38574,139.42984,139.47394,139.518,139.56213,139.6062,139.6503,139.6944,139.73846,139.7826,139.82666,139.87076,139.91486,139.95892,140.00305,140.04712,140.09122,140.13531,140.17938,140.22351,140.26758,140.31168,140.35577,140.39984,140.44394,140.48804,140.5321,140.5762,140.6203,140.66437,140.70847,140.75256,140.79663,140.84073,140.88483,140.9289,140.97296,141.01706,141.06116,141.10522,141.14929,141.19339,141.23749,141.28156,141.32562,141.36969,141.41379,141.45789,141.50195,141.54602,141.59009,141.63416,141.67822,141.72232,141.76639,141.81046
137.48917,137.53326,137.57733,137.62146,137.66553,137.70966,137.75372,137.79782,137.84192,137.88602,137.93011,137.97421,138.01831,138.06241,138.1065,138.15063,138.1947,138.23883,138.28293,138.32703,138.37112,138.41522,138.45935,138.50345,138.54755,138.59167,138.63574,138.67987,138.724,138.76807,138.8122,138.85632,138.90042,138.94452,138.98865,139.03275,139.07684,139.12097,139.16507,139.20917,139.2533,139.29742,139.34152,139.38562,139.42975,139.47385,139.51794,139.56207,139.6062,139.6503,139.6944,139.73853,139.78265,139.82675,139.87085,139.91498,139.95908,140.00317,140.0473,140.09143,140.13553,140.17963,140.22375,140.26785,140.31195,140.35608,140.40018,140.44427,140.4884,140.53253,140.5766,140.62073,140.66486,140.70892,140.75305,140.79715,140.84125,140.88538,140.92947,140.97357,141.01767,141.06177,141.1059,141.14996,141.19409,141.23819,141.28229,141.32639,141.37048,141.41458,141.45868,141.50278,141.54688,141.59094,141.63507,141.67914,141.72327,141.76733,141.81143
137.48822,137.53232,137.57642,137.62054,137.66464,137.70874,137.75287,137.797,137.84113,137.88522,137.92932,137.97345,138.01758,138.0617,138.10583,138.14996,138.19406,138.23819,138.28229,138.32642,138.37054,138.41467,138.4588,138.50293,138.54706,138.59119,138.63531,138.67944,138.72357,138.7677,138.81183,138.85596,138.90009,138.94421,138.98834,139.03247,139.0766,139.12073,139.16486,139.20898,139.25311,139.29724,139.34137,139.3855,139.42963,139.47375,139.51788,139.56204,139.60617,139.6503,139.69443,139.73856,139.78271,139.82684,139.87097,139.9151,139.95923,140.00336,140.04749,140.09161,140.13574,140.17987,140.224,140.26813,140.31226,140.35638,140.40051,140.44464,140.48877,140.5329,140.57703,140.62115,140.66528,140.70941,140.75354,140.79767,140.8418,140.88593,140.93005,140.97418,141.01831,141.06241,141.10654,141.15063,141.19476,141.23889,141.28302,141.32715,141.37128,141.41537,141.45947,141.5036,141.54773,141.59186,141.63596,141.68005,141.72418,141.76828,141.81238
137.48724,137.53137,137.5755,137.61963,137.66376,137.70789,137.75201,137.79614,137.8403,137.88443,137.92859,137.97272,138.01685,138.06097,138.10513,138.14926,138.19342,138.23755,138.28168,138.32584,138.37,138.41412,138.45825,138.50241,138.54657,138.5907,138.63486,138.67902,138.72314,138.76727,138.81146,138.85559,138.89972,138.94391,138.98804,139.03217,139.07635,139.12048,139.16464,139.2088,139.25293,139.29709,139.34125,139.38538,139.42953,139.4737,139.51782,139.56201,139.60614,139.6503,139.69446,139.73859,139.78278,139.8269,139.87106,139.91522,139.95935,140.00351,140.04767,140.0918,140.13596,140.18011,140.22424,140.26843,140.31256,140.35669,140.40088,140.445,140.48914,140.53333,140.57745,140.62158,140.66574,140.7099,140.75403,140.79819,140.84235,140.88647,140.9306,140.97476,141.01892,141.06305,141.10718,141.15134,141.19547,141.23962,141.28375,141.32788,141.37201,141.41617,141.4603,141.50446,141.54858,141.59271,141.63684,141.68097,141.7251,141.76923,141.81335
137.48627,137.5304,137.57455,137.61871,137.66284,137.70703,137.75116,137.79535,137.83948,137.88364,137.9278,137.97195,138.01611,138.06027,138.10443,138.14859,138.19275,138.23694,138.28107,138.32526,138.36938,138.41357,138.45773,138.50189,138.54608,138.59021,138.6344,138.67856,138.72272,138.7669,138.81107,138.85522,138.89941,138.94357,138.98773,139.03192,139.07608,139.12024,139.16443,139.20859,139.25275,139.29694,139.3411,139.38525,139.42944,139.47363,139.51779,139.56195,139.60614,139.6503,139.69446,139.73865,139.7828,139.82697,139.87115,139.91534,139.9595,140.00366,140.04785,140.09201,140.13617,140.18036,140.22452,140.26868,140.31287,140.35703,140.40118,140.44537,140.48953,140.53369,140.57788,140.62204,140.6662,140.71039,140.75452,140.7987,140.84286,140.88702,140.93121,140.97534,141.01953,141.06366,141.10785,141.15201,141.19617,141.24033,141.28448,141.32864,141.3728,141.41696,141.46112,141.50525,141.54944,141.59357,141.63776,141.68188,141.72604,141.7702,141.81433
137.48529,137.52945,137.57361,137.6178,137.66199,137.70615,137.7503,137.7945,137.83868,137.88284,137.927,137.97119,138.01538,138.05957,138.10376,138.14792,138.19208,138.23627,138.28046,138.32465,138.36884,138.41302,138.45721,138.5014,138.54556,138.58975,138.63394,138.67813,138.72232,138.76648,138.81067,138.85486,138.89905,138.94324,138.98743,139.03162,139.0758,139.12,139.16418,139.20837,139.25256,139.29675,139.34094,139.38513,139.42932,139.47354,139.51773,139.56192,139.60611,139.6503,139.69449,139.73868,139.78287,139.82706,139.87128,139.91547,139.95966,140.00385,140.04803,140.09222,140.13641,140.1806,140.2248,140.26898,140.31317,140.35736,140.40155,140.44574,140.48993,140.53412,140.57828,140.62247,140.66666,140.71085,140.75504,140.7992,140.84338,140.88757,140.93176,140.97595,141.02014,141.06433,141.10852,141.15268,141.19684,141.24103,141.28522,141.3294,141.3736,141.41776,141.46191,141.5061,141.5503,141.59445,141.63861,141.6828,141.72699,141.77115,141.8153
137.48431,137.5285,137.5727,137.61688,137.66107,137.70526,137.74945,137.79364,137.83786,137.88205,137.92624,137.97046,138.01465,138.05884,138.10303,138.14725,138.19144,138.23566,138.27985,138.32404,138.36826,138.41248,138.45667,138.50085,138.54507,138.5893,138.63348,138.67767,138.7219,138.76611,138.8103,138.85452,138.89874,138.94293,138.98712,139.03137,139.07556,139.11975,139.164,139.20819,139.25238,139.29663,139.34082,139.38504,139.42926,139.47345,139.51767,139.56189,139.60608,139.6503,139.69452,139.73871,139.78293,139.82715,139.87134,139.91556,139.95978,140.00397,140.04822,140.0924,140.1366,140.18085,140.22504,140.26923,140.31348,140.35767,140.40186,140.44608,140.4903,140.53448,140.5787,140.62292,140.66711,140.7113,140.75552,140.79974,140.84393,140.88812,140.93234,140.97656,141.02075,141.06494,141.10916,141.15335,141.19757,141.24176,141.28595,141.33014,141.37436,141.41855,141.46274,141.50696,141.55115,141.59534,141.63953,141.68372,141.7279,141.7721,141.81628
137.48334,137.52753,137.57178,137.61597,137.66019,137.7044,137.7486,137.79282,137.83704,137.88126,137.92548,137.96967,138.01392,138.0581,138.10236,138.14655,138.1908,138.23499,138.27924,138.32346,138.36768,138.4119,138.45612,138.50037,138.54456,138.5888,138.63303,138.67725,138.7215,138.76569,138.80994,138.85416,138.89838,138.94263,138.98685,139.03107,139.07532,139.11954,139.16376,139.20801,139.25223,139.29645,139.3407,139.38492,139.42914,139.47339,139.51761,139.56183,139.60608,139.6503,139.69452,139.73877,139.78299,139.82721,139.87146,139.91568,139.9599,140.00415,140.04837,140.09259,140.13684,140.18106,140.22528,140.26953,140.31375,140.35797,140.40222,140.44644,140.49066,140.53491,140.5791,140.62335,140.66757,140.71179,140.75604,140.80023,140.84448,140.8887,140.93292,140.97714,141.02136,141.06561,141.1098,141.15405,141.19824,141.2425,141.28668,141.33093,141.37512,141.41934,141.46356,141.50778,141.552,141.59619,141.64041,141.68463,141.72882,141.77307,141.81726
137.48236,137.52661,137.5708,137.61505,137.6593,137.70352,137.74774,137.79199,137.83624,137.88046,137.92468,137.96893,138.01318,138.0574,138.10165,138.14587,138.19012,138.23438,138.27863,138.32288,138.3671,138.41135,138.45557,138.49982,138.54407,138.58832,138.63257,138.67682,138.72107,138.76532,138.80957,138.85382,138.89807,138.94229,138.98654,139.03079,139.07504,139.1193,139.16354,139.2078,139.25204,139.2963,139.34055,139.3848,139.42905,139.4733,139.51755,139.5618,139.60605,139.6503,139.69455,139.7388,139.78305,139.8273,139.87155,139.9158,139.96005,140.0043,140.04855,140.0928,140.13705,140.1813,140.22556,140.2698,140.31406,140.3583,140.40253,140.44678,140.49103,140.53528,140.57953,140.62378,140.66803,140.71228,140.75653,140.80078,140.84503,140.88925,140.9335,140.97772,141.02197,141.06622,141.11047,141.15472,141.19894,141.2432,141.28741,141.33167,141.37592,141.42014,141.46436,141.5086,141.55286,141.59708,141.6413,141.68555,141.7298,141.77399,141.81824
137.48138,137.52563,137.56989,137.61414,137.65839,137.70264,137.74689,137.79114,137.83539,137.87964,137.92392,137.96817,138.01245,138.0567,138.10095,138.1452,138.18945,138.23373,138.27802,138.32227,138.36652,138.41077,138.45505,138.49933,138.54358,138.58783,138.63211,138.67639,138.72064,138.7649,138.80917,138.85345,138.8977,138.94199,138.98627,139.03052,139.07477,139.11905,139.16333,139.20758,139.25186,139.29614,139.3404,139.38467,139.42896,139.4732,139.51749,139.56177,139.60602,139.6503,139.69458,139.73883,139.78311,139.8274,139.87164,139.91592,139.9602,140.00446,140.04874,140.09302,140.13727,140.18155,140.22583,140.27008,140.31433,140.35861,140.4029,140.44714,140.49142,140.5357,140.57996,140.6242,140.66849,140.71277,140.75702,140.80127,140.84555,140.88983,140.93408,140.97833,141.02258,141.06686,141.11115,141.1554,141.19965,141.2439,141.28815,141.33243,141.37668,141.42096,141.46521,141.50946,141.55371,141.59796,141.64221,141.68646,141.73071,141.77496,141.81921
137.48041,137.52466,137.56894,137.61322,137.65747,137.70178,137.74603,137.79031,137.8346,137.87885,137.92316,137.9674,138.01169,138.05597,138.10025,138.14453,138.18881,138.2331,138.27737,138.32166,138.36594,138.41022,138.45453,138.49878,138.54309,138.58734,138.63165,138.67593,138.72021,138.76453,138.80878,138.85309,138.89737,138.94165,138.98596,139.03024,139.07452,139.11884,139.16309,139.2074,139.25168,139.29596,139.34027,139.38455,139.42883,139.47314,139.51743,139.5617,139.60602,139.6503,139.69458,139.73889,139.78317,139.82745,139.87177,139.91605,139.96033,140.00464,140.04892,140.0932,140.13751,140.18176,140.22607,140.27036,140.31464,140.35895,140.40323,140.44751,140.49182,140.53607,140.58038,140.62466,140.66895,140.71326,140.7575,140.80182,140.84607,140.89038,140.93466,140.97894,141.02322,141.0675,141.11179,141.15607,141.20035,141.24463,141.28891,141.33319,141.37744,141.42175,141.466,141.51028,141.55457,141.59882,141.64313,141.68738,141.73166,141.77594,141.82019
137.47943,137.52371,137.568,137.6123,137.65659,137.70087,137.74518,137.78949,137.83377,137.87805,137.92236,137.96667,138.01096,138.05524,138.09955,138.14386,138.18817,138.23245,138.27676,138.32104,138.36536,138.40967,138.45398,138.49829,138.54257,138.58688,138.6312,138.67548,138.71979,138.7641,138.80841,138.85272,138.89703,138.94135,138.98566,139.02997,139.07428,139.11859,139.1629,139.20721,139.25153,139.29584,139.34012,139.38443,139.42874,139.47305,139.51736,139.56168,139.60599,139.6503,139.69461,139.73892,139.78323,139.82755,139.87186,139.91617,139.96048,140.00476,140.04907,140.09338,140.1377,140.182,140.22632,140.27063,140.31494,140.35925,140.40356,140.44788,140.49219,140.5365,140.58081,140.62512,140.6694,140.71371,140.75803,140.8023,140.84662,140.89093,140.93524,140.97955,141.02383,141.06815,141.11243,141.15674,141.20105,141.24536,141.28964,141.33392,141.37823,141.42255,141.46683,141.51111,141.55542,141.59973,141.64401,141.6883,141.7326,141.77689,141.82117
137.47845,137.52277,137.56708,137.61139,137.6557,137.70001,137.74432,137.78864,137.83295,137.87726,137.92157,137.96588,138.0102,138.05453,138.09885,138.14319,138.1875,138.23181,138.27612,138.32047,138.36478,138.40912,138.45343,138.49774,138.54208,138.58643,138.63074,138.67505,138.71936,138.7637,138.80804,138.85236,138.8967,138.94104,138.98535,139.02966,139.074,139.11835,139.16266,139.207,139.25134,139.29565,139.33997,139.38431,139.42865,139.47296,139.5173,139.56165,139.60596,139.6503,139.69464,139.73895,139.7833,139.82764,139.87195,139.91629,139.96063,140.00494,140.04926,140.0936,140.13794,140.18225,140.2266,140.27094,140.31525,140.35956,140.4039,140.44824,140.49255,140.5369,140.58124,140.62555,140.66986,140.71417,140.75851,140.80286,140.84717,140.89148,140.93582,140.98013,141.02448,141.06879,141.1131,141.15741,141.20175,141.24606,141.2904,141.33472,141.37903,141.42334,141.46765,141.51196,141.55627,141.60059,141.6449,141.68921,141.73352,141.77783,141.82214
137.47748,137.52179,137.56613,137.61047,137.65479,137.69913,137.74347,137.78778,137.83212,137.87646,137.9208,137.96515,138.00946,138.05383,138.09814,138.14249,138.18683,138.23117,138.27551,138.31985,138.3642,138.40854,138.45288,138.49725,138.54156,138.58594,138.63025,138.67462,138.71896,138.7633,138.80768,138.85199,138.89636,138.9407,138.98505,139.02942,139.07373,139.1181,139.16245,139.20679,139.25116,139.2955,139.33984,139.38422,139.42853,139.4729,139.51724,139.56158,139.60596,139.6503,139.69464,139.73901,139.78336,139.8277,139.87207,139.91638,139.96075,140.0051,140.04944,140.09381,140.13815,140.1825,140.22687,140.27118,140.31555,140.3599,140.40424,140.44861,140.49292,140.5373,140.58163,140.62598,140.67035,140.71466,140.75903,140.80334,140.84772,140.89206,140.9364,140.98074,141.02509,141.06943,141.11377,141.15811,141.20245,141.24677,141.29114,141.33545,141.37979,141.42413,141.46848,141.51282,141.55713,141.60147,141.64581,141.69012,141.73447,141.77881,141.82312
137.4765,137.52084,137.56519,137.60956,137.65387,137.69824,137.74261,137.78696,137.8313,137.87567,137.92001,137.96436,138.00873,138.0531,138.09747,138.14182,138.18616,138.23053,138.2749,138.31927,138.36362,138.40799,138.45233,138.4967,138.54108,138.58545,138.62982,138.6742,138.71854,138.76291,138.80728,138.85162,138.896,138.94037,138.98474,139.02911,139.07349,139.11786,139.16223,139.2066,139.25098,139.29535,139.33972,139.3841,139.42847,139.47281,139.51718,139.56155,139.60593,139.6503,139.69467,139.73904,139.78342,139.82779,139.87213,139.9165,139.96088,140.00525,140.04962,140.094,140.13837,140.18274,140.22711,140.27148,140.31586,140.36023,140.4046,140.44897,140.49332,140.53769,140.58206,140.6264,140.67078,140.71515,140.75952,140.8039,140.84827,140.89261,140.93698,140.98132,141.0257,141.07007,141.11444,141.15878,141.20312,141.2475,141.29187,141.33624,141.38058,141.42493,141.4693,141.51364,141.55798,141.60236,141.64673,141.69104,141.73541,141.77975,141.8241
137.47552,137.51987,137.56424,137.60861,137.65298,137.69736,137.74173,137.7861,137.8305,137.87488,137.91925,137.96362,138.008,138.05237,138.09674,138.14111,138.18552,138.22989,138.27429,138.31866,138.36304,138.40741,138.45181,138.49619,138.54059,138.58496,138.62933,138.67374,138.71814,138.76251,138.80688,138.85129,138.89569,138.94006,138.98444,139.02884,139.07324,139.11761,139.16199,139.20639,139.2508,139.29517,139.33957,139.38397,139.42834,139.47272,139.51712,139.56152,139.6059,139.6503,139.6947,139.73907,139.78348,139.82788,139.87225,139.91663,139.96103,140.00543,140.0498,140.09421,140.13861,140.18298,140.22736,140.27176,140.31616,140.36053,140.4049,140.44931,140.49371,140.53809,140.58246,140.62686,140.67126,140.71564,140.76001,140.80441,140.84879,140.89319,140.93756,140.98193,141.0263,141.07071,141.11508,141.15948,141.20386,141.24823,141.2926,141.33698,141.38135,141.42572,141.4701,141.5145,141.55887,141.60324,141.64761,141.69199,141.73636,141.78073,141.82507
137.47452,137.51892,137.5633,137.6077,137.6521,137.69647,137.74088,137.78528,137.82965,137.87405,137.91846,137.96283,138.00726,138.05164,138.09607,138.14044,138.18484,138.22925,138.27365,138.31805,138.36246,138.40686,138.45126,138.49567,138.54007,138.58447,138.6289,138.67328,138.71771,138.76208,138.80652,138.85092,138.89532,138.93976,138.98413,139.02856,139.07297,139.11737,139.1618,139.20618,139.25061,139.29501,139.33942,139.38385,139.42822,139.47266,139.51706,139.56146,139.6059,139.6503,139.6947,139.73914,139.78354,139.82794,139.87238,139.91675,139.96118,140.00558,140.04999,140.09442,140.1388,140.18323,140.22763,140.27203,140.31647,140.36084,140.40527,140.44968,140.49408,140.53851,140.58289,140.62732,140.67169,140.71613,140.76053,140.80493,140.84933,140.89374,140.93814,140.98254,141.02695,141.07135,141.11575,141.16016,141.20453,141.24896,141.29333,141.33777,141.38214,141.42654,141.47095,141.51532,141.55972,141.60413,141.6485,141.6929,141.7373,141.78168,141.82608
137.47354,137.51794,137.56238,137.60675,137.65118,137.69562,137.73999,137.78442,137.82886,137.87326,137.91766,137.9621,138.0065,138.0509,138.09534,138.13977,138.1842,138.2286,138.27301,138.31744,138.36188,138.40631,138.45074,138.49515,138.53955,138.58398,138.62842,138.67285,138.71729,138.76172,138.80615,138.85056,138.89499,138.93942,138.98383,139.02826,139.0727,139.11713,139.16156,139.206,139.25043,139.29486,139.3393,139.38373,139.42816,139.4726,139.51703,139.56143,139.60587,139.6503,139.69473,139.73917,139.78357,139.828,139.87244,139.91687,139.9613,140.00574,140.05017,140.0946,140.13904,140.18347,140.2279,140.27234,140.31677,140.36118,140.40561,140.45004,140.49445,140.53888,140.58331,140.62775,140.67218,140.71661,140.76105,140.80545,140.84985,140.89429,140.93872,140.98315,141.02759,141.07199,141.1164,141.16083,141.20526,141.2497,141.2941,141.3385,141.38293,141.42734,141.47174,141.51617,141.56061,141.60498,141.64941,141.69385,141.73822,141.78265,141.82706
137.47253,137.51697,137.5614,137.60583,137.65027,137.6947,137.73914,137.78357,137.828,137.87244,137.91687,137.9613,138.00577,138.0502,138.09464,138.1391,138.18353,138.22797,138.2724,138.31683,138.3613,138.40573,138.4502,138.49463,138.53906,138.5835,138.62796,138.67242,138.71686,138.76129,138.80576,138.85022,138.89465,138.93909,138.98355,139.02802,139.07245,139.11688,139.16135,139.20581,139.25024,139.29468,139.33914,139.3836,139.42804,139.47247,139.51697,139.5614,139.60583,139.6503,139.69476,139.7392,139.78363,139.82812,139.87256,139.91699,139.96146,140.00592,140.05035,140.09479,140.13925,140.18372,140.22815,140.27258,140.31705,140.36151,140.40594,140.45038,140.49484,140.5393,140.58374,140.62817,140.67264,140.7171,140.76154,140.80597,140.8504,140.89487,140.9393,140.98376,141.0282,141.07263,141.11707,141.1615,141.20596,141.2504,141.29483,141.3393,141.38373,141.42816,141.4726,141.51703,141.56146,141.6059,141.65033,141.69476,141.7392,141.78363,141.82806
137.47156,137.51602,137.56049,137.60492,137.64935,137.69385,137.73828,137.78271,137.82721,137.87164,137.9161,137.96057,138.005,138.0495,138.09393,138.1384,138.18286,138.22733,138.27179,138.31622,138.36072,138.40515,138.44965,138.49408,138.53857,138.58304,138.6275,138.67197,138.71643,138.7609,138.80536,138.84985,138.89429,138.93878,138.98325,139.02771,139.07217,139.11664,139.16113,139.2056,139.25006,139.29453,139.33899,139.38348,139.42795,139.47241,139.5169,139.56134,139.60583,139.6503,139.69476,139.73926,139.78369,139.82819,139.87265,139.91711,139.96161,140.00607,140.05054,140.095,140.13947,140.18396,140.22842,140.27289,140.31735,140.36182,140.40631,140.45074,140.49524,140.5397,140.58417,140.62863,140.6731,140.71756,140.76202,140.80652,140.85095,140.89545,140.93988,140.98438,141.02881,141.07327,141.11774,141.1622,141.20667,141.2511,141.2956,141.34003,141.38449,141.42896,141.47339,141.51788,141.56232,141.60675,141.65125,141.69568,141.74011,141.78458,141.82904
137.47058,137.51505,137.55951,137.604,137.64847,137.69293,137.73743,137.78189,137.82635,137.87085,137.91531,137.95978,138.00427,138.04877,138.09323,138.1377,138.18219,138.22668,138.27118,138.31564,138.3601,138.4046,138.4491,138.49359,138.53809,138.58255,138.62701,138.67151,138.716,138.7605,138.805,138.84949,138.89398,138.93845,138.98294,139.02744,139.0719,139.1164,139.16089,139.20538,139.24988,139.29437,139.33887,139.38336,139.42786,139.47235,139.51685,139.56131,139.6058,139.6503,139.6948,139.73929,139.78375,139.82825,139.87274,139.91724,139.96173,140.00623,140.05072,140.09521,140.13971,140.1842,140.2287,140.27316,140.31766,140.36215,140.40662,140.45111,140.4956,140.5401,140.5846,140.62909,140.67358,140.71805,140.76251,140.807,140.8515,140.896,140.94049,140.98495,141.02942,141.07391,141.11841,141.1629,141.20737,141.25183,141.29633,141.34082,141.38528,141.42975,141.47424,141.5187,141.56317,141.60767,141.65213,141.6966,141.74109,141.78555,141.83002
137.4696,137.5141,137.5586,137.60309,137.64755,137.69205,137.73654,137.78104,137.82553,137.87006,137.91455,137.95905,138.00354,138.04803,138.09253,138.13702,138.18152,138.22601,138.27054,138.31503,138.35956,138.40405,138.44855,138.49304,138.53757,138.58206,138.62659,138.67108,138.71558,138.7601,138.8046,138.84912,138.89362,138.93811,138.98264,139.02716,139.07166,139.11615,139.16068,139.2052,139.2497,139.29419,139.33871,139.38324,139.42773,139.47226,139.51678,139.56128,139.60577,139.6503,139.69482,139.73932,139.78381,139.82834,139.87286,139.91736,139.96188,140.00641,140.0509,140.0954,140.13992,140.18445,140.22894,140.27344,140.31796,140.36249,140.40698,140.45148,140.496,140.5405,140.58502,140.62952,140.67401,140.71854,140.76303,140.80756,140.85205,140.89655,140.94104,140.98557,141.03006,141.07458,141.11908,141.16357,141.20807,141.25256,141.29706,141.34155,141.38605,141.43054,141.47507,141.51956,141.56406,141.60855,141.65305,141.69751,141.742,141.7865,141.831
137.46863,137.51312,137.55762,137.60214,137.64667,137.69116,137.73569,137.78021,137.8247,137.86923,137.91376,137.95825,138.00278,138.0473,138.09183,138.13635,138.18085,138.2254,138.2699,138.31445,138.35895,138.40347,138.448,138.49252,138.53705,138.5816,138.6261,138.67065,138.71515,138.7597,138.8042,138.84875,138.89328,138.9378,138.98233,139.02686,139.07141,139.1159,139.16046,139.20499,139.24951,139.29407,139.33856,139.38312,139.42764,139.47217,139.51672,139.56122,139.60577,139.6503,139.69482,139.73938,139.78387,139.82843,139.87296,139.91748,139.96204,140.00653,140.05109,140.09561,140.14014,140.1847,140.22919,140.27374,140.31827,140.3628,140.40732,140.45184,140.4964,140.5409,140.58545,140.62994,140.6745,140.719,140.76355,140.80807,140.8526,140.89713,140.94165,140.98615,141.0307,141.0752,141.11975,141.16425,141.20877,141.2533,141.29782,141.34235,141.38684,141.43137,141.47589,141.52039,141.56491,141.60944,141.65393,141.69846,141.74298,141.78748,141.83197
137.46762,137.51215,137.5567,137.6012,137.64575,137.69028,137.7348,137.77936,137.82388,137.86841,137.91296,137.95749,138.00201,138.04657,138.09113,138.13565,138.18018,138.22473,138.26929,138.31384,138.35837,138.4029,138.44745,138.492,138.53656,138.58112,138.62564,138.6702,138.71472,138.75928,138.80383,138.84839,138.89294,138.9375,138.98203,139.02658,139.07114,139.11566,139.16022,139.20477,139.24933,139.29388,139.33844,139.383,139.42755,139.4721,139.51666,139.56122,139.60574,139.6503,139.69485,139.73938,139.78394,139.82849,139.87305,139.9176,139.96216,140.00671,140.05127,140.09583,140.14038,140.18494,140.22946,140.27402,140.31857,140.3631,140.40765,140.45221,140.49677,140.54132,140.58588,140.6304,140.67496,140.71948,140.76404,140.8086,140.85315,140.8977,140.94223,140.98676,141.03131,141.07587,141.12042,141.16495,141.20947,141.25403,141.29858,141.34311,141.38763,141.43219,141.47672,141.52124,141.5658,141.61032,141.65485,141.6994,141.7439,141.78845,141.83298
137.46661,137.51117,137.55573,137.60028,137.64484,137.68939,137.73395,137.7785,137.82306,137.86761,137.91217,137.95673,138.00128,138.04584,138.0904,138.13495,138.17953,138.22409,138.26868,138.31323,138.35779,138.40234,138.4469,138.49149,138.53604,138.58063,138.62518,138.66974,138.7143,138.75888,138.80347,138.84802,138.89258,138.93716,138.98175,139.0263,139.07086,139.11542,139.16,139.20459,139.24915,139.29373,139.33832,139.38287,139.42743,139.47202,139.5166,139.56116,139.60571,139.6503,139.69489,139.73944,139.784,139.82858,139.87317,139.91772,139.96228,140.00687,140.05145,140.09601,140.1406,140.18518,140.22974,140.27429,140.31885,140.36343,140.40802,140.45258,140.49713,140.54172,140.5863,140.63086,140.67542,140.71997,140.76456,140.80911,140.8537,140.89825,140.94281,140.98737,141.03192,141.0765,141.12106,141.16565,141.2102,141.25476,141.29932,141.34387,141.38843,141.43298,141.47754,141.5221,141.56665,141.6112,141.65576,141.70032,141.74487,141.78943,141.83398
137.46564,137.5102,137.55478,137.59937,137.64392,137.68848,137.7331,137.77765,137.8222,137.86682,137.91138,137.95596,138.00055,138.0451,138.08972,138.13428,138.17886,138.22345,138.26804,138.31262,138.35718,138.4018,138.44635,138.49097,138.53552,138.58014,138.6247,138.66931,138.71387,138.75848,138.80307,138.84766,138.89224,138.93683,138.98145,139.026,139.07062,139.1152,139.15979,139.20438,139.24896,139.29358,139.33813,139.38275,139.42734,139.47192,139.51654,139.5611,139.60571,139.6503,139.69489,139.7395,139.78406,139.82867,139.87326,139.91785,139.96246,140.00702,140.05164,140.09622,140.14081,140.1854,140.22998,140.2746,140.31915,140.36377,140.40836,140.45294,140.49753,140.54211,140.58673,140.63129,140.6759,140.72046,140.76508,140.80963,140.85425,140.8988,140.94342,140.98798,141.03256,141.07715,141.12173,141.16632,141.21088,141.2555,141.30005,141.34464,141.38922,141.43378,141.4784,141.52295,141.5675,141.61212,141.65668,141.70123,141.74582,141.7904,141.83496
137.46466,137.50922,137.55383,137.59842,137.643,137.68762,137.73221,137.7768,137.82141,137.866,137.91058,137.9552,137.99979,138.04437,138.08899,138.1336,138.17819,138.22278,138.2674,138.31201,138.35663,138.40121,138.4458,138.49042,138.53503,138.57965,138.62427,138.66885,138.71347,138.75806,138.80267,138.84729,138.8919,138.93652,138.98114,139.02573,139.07034,139.11496,139.15955,139.20416,139.24878,139.2934,139.33801,139.38263,139.42725,139.47186,139.51648,139.5611,139.60568,139.6503,139.69492,139.7395,139.78412,139.82874,139.87335,139.91797,139.96259,140.0072,140.05182,140.09644,140.14105,140.18564,140.23026,140.27487,140.31946,140.36407,140.40869,140.45331,140.49792,140.54254,140.58713,140.63174,140.67633,140.72095,140.76556,140.81018,140.8548,140.89938,140.94397,140.98859,141.0332,141.07782,141.1224,141.16699,141.21161,141.25623,141.30081,141.3454,141.39001,141.4346,141.47919,141.5238,141.56839,141.61298,141.6576,141.70218,141.74677,141.79138,141.83594
137.46365,137.50827,137.55286,137.59747,137.64209,137.6867,137.73132,137.77594,137.82056,137.86517,137.90979,137.9544,137.99902,138.04364,138.08829,138.1329,138.17752,138.22217,138.26678,138.3114,138.35602,138.40063,138.44525,138.4899,138.53455,138.57916,138.62378,138.6684,138.71304,138.75766,138.8023,138.84692,138.89154,138.93619,138.98083,139.02545,139.07007,139.11472,139.15936,139.20398,139.2486,139.29324,139.33789,139.3825,139.42712,139.47177,139.51642,139.56104,139.60565,139.6503,139.69495,139.73956,139.78418,139.82883,139.87347,139.91809,139.9627,140.00735,140.052,140.09662,140.14124,140.18588,140.23053,140.27515,140.31976,140.36441,140.40906,140.45367,140.49829,140.54294,140.58755,140.6322,140.67682,140.72144,140.76605,140.8107,140.85535,140.89996,140.94458,140.9892,141.03381,141.07843,141.12308,141.1677,141.21231,141.25696,141.30157,141.34619,141.39081,141.43542,141.48004,141.52466,141.56927,141.61389,141.65851,141.70312,141.74774,141.79233,141.83694
137.46265,137.5073,137.55194,137.59656,137.64117,137.68582,137.73047,137.77509,137.81973,137.86438,137.909,137.95364,137.99829,138.04294,138.08759,138.1322,138.17688,138.2215,138.26614,138.31079,138.35544,138.40009,138.44473,138.48938,138.53403,138.57867,138.62332,138.66797,138.71262,138.75726,138.80191,138.84656,138.8912,138.93585,138.98053,139.02515,139.06982,139.11447,139.15912,139.20377,139.24841,139.29309,139.3377,139.38239,139.42703,139.47168,139.51636,139.56097,139.60565,139.6503,139.69495,139.73962,139.78424,139.82892,139.87357,139.91821,139.96289,140.0075,140.05219,140.09683,140.14148,140.18613,140.23077,140.27545,140.32007,140.36475,140.4094,140.45404,140.49869,140.54333,140.58798,140.63263,140.67728,140.72192,140.76657,140.81122,140.85587,140.90051,140.94516,140.9898,141.03445,141.0791,141.12372,141.1684,141.21301,141.25766,141.3023,141.34695,141.3916,141.43622,141.48087,141.52551,141.57013,141.61478,141.65942,141.70404,141.74866,141.7933,141.83795
137.46167,137.50632,137.55096,137.59564,137.64026,137.68494,137.72958,137.77423,137.81891,137.86356,137.9082,137.95288,137.99756,138.0422,138.08685,138.13153,138.17621,138.22086,138.2655,138.31018,138.35486,138.3995,138.44418,138.48883,138.53351,138.57819,138.62286,138.66751,138.71219,138.75684,138.80151,138.84619,138.89087,138.93555,138.98022,139.0249,139.06955,139.11423,139.15887,139.20355,139.24823,139.29291,139.33759,139.38226,139.42694,139.47162,139.5163,139.56097,139.60562,139.6503,139.69498,139.73962,139.7843,139.82898,139.87366,139.91833,139.96301,140.00769,140.05237,140.09705,140.14172,140.18637,140.23105,140.2757,140.32037,140.36505,140.40973,140.4544,140.49908,140.54376,140.58841,140.63309,140.67773,140.72241,140.76709,140.81177,140.85641,140.9011,140.94574,140.99042,141.0351,141.07974,141.12439,141.16907,141.21375,141.25839,141.30304,141.34772,141.3924,141.43704,141.48169,141.52637,141.57101,141.61566,141.66034,141.70496,141.74963,141.79428,141.83893
137.46066,137.50534,137.55002,137.59467,137.63934,137.68402,137.7287,137.77338,137.81805,137.86273,137.90741,137.95209,137.99677,138.04147,138.08615,138.13083,138.17554,138.22021,138.2649,138.30957,138.35425,138.39893,138.44363,138.48831,138.53302,138.5777,138.62238,138.66705,138.71176,138.75647,138.80115,138.84583,138.8905,138.93521,138.97992,139.0246,139.06927,139.11398,139.15869,139.20337,139.24805,139.29276,139.33746,139.38214,139.42682,139.47153,139.51624,139.56091,139.60559,139.6503,139.695,139.73969,139.78436,139.82907,139.87378,139.91846,139.96313,140.00784,140.05255,140.09723,140.1419,140.18661,140.23132,140.276,140.32068,140.36539,140.4101,140.45477,140.49945,140.54413,140.58884,140.63354,140.67822,140.7229,140.76758,140.81229,140.85696,140.90167,140.94635,140.99103,141.0357,141.08038,141.12506,141.16977,141.21445,141.25912,141.30383,141.34851,141.39319,141.43787,141.48254,141.52722,141.5719,141.61658,141.66125,141.70593,141.75058,141.79526,141.83994
137.45966,137.50436,137.54907,137.59375,137.63843,137.68314,137.72784,137.77252,137.81723,137.86194,137.90662,137.95135,137.99603,138.04074,138.08545,138.13013,138.17487,138.21954,138.26425,138.30896,138.35367,138.39838,138.44308,138.4878,138.5325,138.57721,138.62192,138.66663,138.71133,138.75604,138.80075,138.84546,138.8902,138.93488,138.97961,139.02429,139.06903,139.11374,139.15845,139.20316,139.24786,139.2926,139.33728,139.38202,139.42673,139.47144,139.51617,139.56085,139.60559,139.6503,139.695,139.73975,139.78442,139.82916,139.87387,139.91858,139.96332,140.008,140.05273,140.09744,140.14215,140.18686,140.23157,140.2763,140.32098,140.36572,140.4104,140.45514,140.49985,140.54456,140.58926,140.63397,140.67868,140.72339,140.7681,140.8128,140.85751,140.90222,140.94693,140.99164,141.03635,141.08105,141.12573,141.17047,141.21515,141.25986,141.30457,141.34924,141.39398,141.43866,141.48337,141.52808,141.57275,141.61746,141.66217,141.70685,141.75153,141.79623,141.84094
137.45868,137.50339,137.5481,137.59283,137.63751,137.68225,137.72696,137.77167,137.8164,137.86111,137.90582,137.95056,137.9953,138.04001,138.08472,138.12946,138.1742,138.2189,138.26361,138.30835,138.35309,138.3978,138.44254,138.48724,138.53198,138.57672,138.62146,138.66617,138.7109,138.75562,138.80035,138.8451,138.88983,138.93457,138.97931,139.02405,139.06876,139.1135,139.1582,139.20294,139.24768,139.29242,139.33716,139.3819,139.42664,139.47137,139.51611,139.56085,139.60556,139.6503,139.69504,139.73975,139.78448,139.82922,139.87396,139.9187,139.96344,140.00818,140.05292,140.09766,140.1424,140.1871,140.23184,140.27655,140.32129,140.36603,140.41077,140.4555,140.50024,140.54498,140.58969,140.63443,140.67914,140.72388,140.76862,140.81335,140.85806,140.9028,140.94751,140.99225,141.03699,141.0817,141.1264,141.17114,141.21588,141.26059,141.3053,141.35004,141.39478,141.43948,141.48419,141.52893,141.57364,141.61835,141.66309,141.70776,141.7525,141.79721,141.84192
137.45767,137.50241,137.54715,137.59186,137.6366,137.68134,137.72607,137.77081,137.81555,137.86029,137.90503,137.94977,137.9945,138.03928,138.08401,138.12875,138.17352,138.21826,138.263,138.30774,138.35248,138.39722,138.44199,138.48672,138.5315,138.57623,138.62097,138.66571,138.71048,138.75525,138.79999,138.84473,138.88947,138.93423,138.979,139.02374,139.06848,139.11325,139.15802,139.20276,139.2475,139.29227,139.33704,139.38177,139.42651,139.47128,139.51605,139.56079,139.60553,139.6503,139.69507,139.7398,139.78455,139.82932,139.87408,139.91882,139.96356,140.00833,140.0531,140.09784,140.14258,140.18735,140.23212,140.27686,140.3216,140.36636,140.41113,140.45587,140.50061,140.54535,140.59012,140.63489,140.67963,140.72437,140.7691,140.81387,140.85861,140.90338,140.94812,140.99286,141.0376,141.08234,141.12708,141.17184,141.21658,141.26132,141.30609,141.35083,141.39557,141.4403,141.48505,141.52979,141.57452,141.61926,141.664,141.70874,141.75345,141.79819,141.84293
137.45667,137.50143,137.5462,137.59094,137.63568,137.68045,137.72522,137.76996,137.81473,137.8595,137.90424,137.949,137.99377,138.03854,138.08331,138.12805,138.17282,138.21759,138.26236,138.30713,138.3519,138.39667,138.44144,138.4862,138.53094,138.57574,138.62051,138.66528,138.71005,138.75482,138.79959,138.84436,138.88913,138.9339,138.9787,139.02344,139.06824,139.113,139.15778,139.20255,139.24731,139.29211,139.33685,139.38165,139.42642,139.47119,139.51599,139.56073,139.60553,139.6503,139.69507,139.73987,139.7846,139.8294,139.87418,139.91895,139.96375,140.00848,140.05328,140.09805,140.14282,140.18759,140.23236,140.27716,140.3219,140.3667,140.41147,140.45624,140.501,140.54578,140.59055,140.63531,140.68008,140.72485,140.76965,140.81439,140.85916,140.90393,140.9487,140.99347,141.03824,141.08301,141.12778,141.17255,141.21729,141.26205,141.30682,141.3516,141.39636,141.4411,141.48587,141.53064,141.57538,141.62015,141.66492,141.70966,141.7544,141.79916,141.84393
137.45569,137.50046,137.54523,137.59,137.63477,137.67957,137.72433,137.7691,137.8139,137.85867,137.90344,137.94824,137.99301,138.03778,138.08258,138.12738,138.17215,138.21692,138.26172,138.30652,138.35132,138.39609,138.44086,138.48566,138.53046,138.57526,138.62006,138.66483,138.70963,138.7544,138.7992,138.844,138.8888,138.9336,138.9784,139.02316,139.06796,139.11276,139.15753,139.20233,139.24713,139.29193,139.33673,139.38153,139.42633,139.47113,139.51593,139.56073,139.6055,139.6503,139.6951,139.73987,139.78467,139.82947,139.87427,139.91907,139.96387,140.00867,140.05347,140.09827,140.14307,140.18784,140.23264,140.27744,140.3222,140.367,140.4118,140.4566,140.5014,140.5462,140.59097,140.63577,140.68054,140.72534,140.77014,140.81494,140.85974,140.90451,140.94928,140.99408,141.03888,141.08368,141.12845,141.17322,141.21802,141.26282,141.30759,141.35236,141.39716,141.44193,141.4867,141.5315,141.57626,141.62103,141.66583,141.7106,141.75537,141.80014,141.84491
137.45468,137.49945,137.54425,137.58905,137.63385,137.67865,137.72345,137.76825,137.81305,137.85785,137.90265,137.94745,137.99225,138.03705,138.08185,138.12668,138.17148,138.21631,138.26111,138.30591,138.35071,138.39551,138.4403,138.48514,138.52997,138.57477,138.61957,138.66437,138.7092,138.754,138.79883,138.84363,138.88843,138.93326,138.97809,139.02289,139.06769,139.11252,139.15735,139.20215,139.24695,139.29178,139.33661,139.38141,139.42621,139.47104,139.51587,139.56067,139.60547,139.6503,139.69513,139.73993,139.78473,139.82956,139.87439,139.91919,139.96399,140.00882,140.05365,140.09845,140.14325,140.18808,140.23291,140.27771,140.32251,140.36734,140.41217,140.45697,140.50177,140.5466,140.5914,140.63623,140.68103,140.72583,140.77063,140.81546,140.86029,140.90509,140.94989,140.99469,141.03949,141.08429,141.12912,141.17392,141.21875,141.26355,141.30835,141.35315,141.39795,141.44275,141.48755,141.53235,141.57715,141.62195,141.66675,141.71155,141.75635,141.80115,141.84592
137.45367,137.49847,137.5433,137.58813,137.63293,137.67776,137.7226,137.7674,137.8122,137.85706,137.90186,137.94669,137.99152,138.03632,138.08118,138.12598,138.1708,138.21564,138.26047,138.3053,138.3501,138.39496,138.43976,138.48462,138.52942,138.57428,138.61908,138.66394,138.70874,138.7536,138.79843,138.84326,138.88809,138.93292,138.97778,139.02258,139.06744,139.11224,139.1571,139.20193,139.24677,139.29163,139.33643,139.38129,139.42612,139.47095,139.51581,139.56061,139.60547,139.6503,139.69513,139.73999,139.78479,139.82965,139.87448,139.91931,139.96417,140.00897,140.05383,140.09866,140.1435,140.18835,140.23315,140.27802,140.32281,140.36768,140.4125,140.45734,140.50217,140.547,140.59186,140.63666,140.68152,140.72632,140.77118,140.81598,140.86084,140.90564,140.9505,140.9953,141.04013,141.08496,141.12979,141.17462,141.21942,141.26428,141.30908,141.35391,141.39874,141.44354,141.4884,141.5332,141.578,141.62283,141.66766,141.71246,141.7573,141.80212,141.84692
137.45267,137.4975,137.54236,137.58719,137.63202,137.67688,137.72168,137.76654,137.81137,137.8562,137.90106,137.94592,137.99075,138.03558,138.08044,138.1253,138.17014,138.21497,138.25983,138.30469,138.34952,138.39438,138.43921,138.48407,138.52893,138.57379,138.61862,138.66348,138.70831,138.75317,138.79803,138.8429,138.88776,138.93262,138.97745,139.02231,139.06717,139.112,139.15686,139.20172,139.24658,139.29144,139.3363,139.38116,139.42603,139.47089,139.51575,139.56061,139.60544,139.6503,139.69516,139.73999,139.78485,139.82971,139.87457,139.91943,139.9643,140.00916,140.05402,140.09888,140.14374,140.1886,140.23343,140.27829,140.32315,140.36798,140.41284,140.4577,140.50256,140.54742,140.59229,140.63712,140.68198,140.7268,140.77167,140.81653,140.86139,140.90622,140.95108,140.99591,141.04077,141.08563,141.13046,141.1753,141.22015,141.26501,141.30984,141.35468,141.39954,141.4444,141.48923,141.53406,141.57892,141.62372,141.66858,141.71341,141.75824,141.8031,141.84793
137.45166,137.49652,137.54138,137.58624,137.6311,137.67596,137.72083,137.76569,137.81055,137.85541,137.90027,137.94513,137.98999,138.03485,138.07971,138.12457,138.16943,138.21432,138.25919,138.30408,138.34894,138.3938,138.43866,138.48352,138.52841,138.5733,138.61816,138.66302,138.70789,138.75278,138.79767,138.84253,138.88739,138.93225,138.97714,139.02203,139.0669,139.11176,139.15665,139.20154,139.2464,139.29126,139.33615,139.38104,139.4259,139.4708,139.51569,139.56055,139.60541,139.6503,139.69519,139.74005,139.78491,139.8298,139.8747,139.91956,139.96445,140.00934,140.0542,140.09906,140.14395,140.18884,140.2337,140.27856,140.32346,140.36835,140.41321,140.45807,140.50293,140.54782,140.59271,140.63757,140.68243,140.7273,140.77219,140.81708,140.86194,140.9068,140.95166,140.99652,141.04141,141.08627,141.13116,141.17603,141.22089,141.26575,141.31061,141.35547,141.40033,141.44519,141.49005,141.53491,141.57977,141.62463,141.6695,141.71436,141.75922,141.80408,141.84894
137.45068,137.49554,137.5404,137.5853,137.63019,137.67505,137.71994,137.76483,137.8097,137.85458,137.89948,137.94434,137.98923,138.03412,138.07901,138.1239,138.16876,138.21368,138.25854,138.30347,138.34833,138.39322,138.43811,138.483,138.5279,138.57278,138.61768,138.6626,138.70746,138.75238,138.79724,138.84216,138.88705,138.93195,138.97684,139.02173,139.06665,139.11151,139.15643,139.20132,139.24622,139.29114,139.336,139.38092,139.42581,139.4707,139.51562,139.56049,139.60541,139.6503,139.69519,139.74011,139.78497,139.8299,139.87479,139.91968,139.9646,140.00946,140.05438,140.09927,140.14417,140.18909,140.23395,140.27887,140.32376,140.36865,140.41354,140.45844,140.50336,140.54822,140.59314,140.638,140.68292,140.72781,140.7727,140.8176,140.86249,140.90738,140.95227,140.99713,141.04205,141.08691,141.13184,141.1767,141.22159,141.26648,141.31137,141.35626,141.40112,141.44601,141.4909,141.53577,141.58066,141.62555,141.67041,141.7153,141.7602,141.80505,141.84991
137.44965,137.49457,137.53946,137.58435,137.62927,137.67413,137.71906,137.76395,137.80884,137.85376,137.89868,137.94357,137.98846,138.03339,138.07831,138.1232,138.16809,138.21301,138.25793,138.30283,138.34772,138.39264,138.43756,138.48248,138.5274,138.5723,138.61722,138.66211,138.70703,138.75195,138.79688,138.8418,138.88672,138.93161,138.97653,139.02145,139.06635,139.11127,139.15619,139.20111,139.24603,139.29095,139.33588,139.3808,139.42572,139.47064,139.51556,139.56046,139.60538,139.6503,139.69522,139.74014,139.78503,139.82996,139.87488,139.9198,139.96472,140.00964,140.05457,140.09949,140.14441,140.18933,140.23425,140.27914,140.32407,140.36899,140.41388,140.4588,140.50372,140.54865,140.59357,140.63849,140.68338,140.7283,140.7732,140.81812,140.86304,140.90796,140.95288,140.99777,141.04266,141.08759,141.1325,141.1774,141.22229,141.26721,141.31213,141.35703,141.40192,141.44684,141.49176,141.53665,141.58154,141.62646,141.67133,141.71625,141.76114,141.80603,141.85095
137.44867,137.49359,137.53848,137.5834,137.62833,137.67325,137.71817,137.76309,137.80801,137.85294,137.89786,137.94278,137.98773,138.03265,138.07758,138.1225,138.16742,138.21234,138.25726,138.30222,138.34714,138.39209,138.43701,138.48193,138.52686,138.57181,138.61676,138.66168,138.7066,138.75153,138.79648,138.84143,138.88635,138.93127,138.97623,139.02118,139.0661,139.11102,139.15598,139.20093,139.24585,139.29077,139.33572,139.38068,139.4256,139.47055,139.5155,139.56042,139.60535,139.6503,139.69525,139.74017,139.7851,139.83005,139.875,139.91992,139.96487,140.00983,140.05475,140.09967,140.14462,140.18958,140.2345,140.27942,140.32437,140.36932,140.41425,140.45917,140.50412,140.54907,140.594,140.63892,140.68384,140.72879,140.77374,140.81866,140.86359,140.90851,140.95346,140.99838,141.04333,141.08826,141.13318,141.1781,141.22302,141.26794,141.31287,141.35782,141.40274,141.44766,141.49258,141.5375,141.58243,141.62735,141.67227,141.7172,141.76212,141.807,141.85193
137.44763,137.49258,137.53754,137.58246,137.62738,137.67236,137.71729,137.7622,137.80719,137.85211,137.89706,137.94202,137.98694,138.03192,138.07684,138.1218,138.16675,138.2117,138.25665,138.30157,138.34656,138.39148,138.43646,138.48138,138.52637,138.57129,138.61627,138.66122,138.70618,138.75113,138.79608,138.84106,138.88599,138.93097,138.97592,139.02087,139.06583,139.11078,139.15576,139.20068,139.24567,139.29062,139.33557,139.38055,139.4255,139.47046,139.51544,139.56036,139.60535,139.6503,139.69525,139.74023,139.78516,139.83014,139.87509,139.92004,139.96503,140.00998,140.05493,140.09991,140.14484,140.18982,140.23477,140.27972,140.32468,140.36963,140.41461,140.45953,140.50452,140.54947,140.59442,140.63937,140.68433,140.72931,140.77423,140.81921,140.86414,140.90912,140.95404,140.99902,141.04395,141.0889,141.13385,141.1788,141.22375,141.26868,141.31366,141.35858,141.40353,141.44849,141.49341,141.53839,141.58331,141.62823,141.67322,141.71814,141.76306,141.80801,141.85297
137.44666,137.49158,137.53656,137.58151,137.62646,137.67145,137.7164,137.76135,137.80634,137.85129,137.89624,137.94122,137.9862,138.03116,138.07611,138.1211,138.16608,138.21103,138.25601,138.30096,138.34595,138.39093,138.43591,138.48087,138.52585,138.5708,138.61578,138.66077,138.70575,138.75073,138.79572,138.84067,138.88565,138.93063,138.97559,139.02057,139.06555,139.11053,139.15552,139.2005,139.24548,139.29047,139.33545,139.38043,139.42542,139.4704,139.51538,139.56033,139.60532,139.6503,139.69528,139.74026,139.78522,139.8302,139.87518,139.92017,139.96515,140.01013,140.05511,140.1001,140.14508,140.19006,140.23505,140.28003,140.32501,140.36996,140.41495,140.45993,140.50488,140.54987,140.59485,140.63983,140.68481,140.7298,140.77475,140.81973,140.86469,140.90967,140.95465,140.99963,141.04459,141.08957,141.13452,141.1795,141.22449,141.26944,141.31439,141.35938,141.40436,141.44931,141.49426,141.53925,141.5842,141.62915,141.67413,141.71909,141.76404,141.80902,141.85394
137.44562,137.4906,137.53558,137.58057,137.62555,137.67053,137.71552,137.7605,137.80548,137.85046,137.89545,137.94043,137.98541,138.0304,138.07541,138.12039,138.1654,138.21039,138.25537,138.30035,138.34534,138.39035,138.43533,138.48035,138.52533,138.57031,138.61533,138.66031,138.70532,138.7503,138.79529,138.8403,138.88531,138.9303,138.97528,139.0203,139.0653,139.11029,139.15527,139.20029,139.2453,139.29028,139.3353,139.38031,139.4253,139.47028,139.51529,139.5603,139.60529,139.6503,139.69531,139.7403,139.78531,139.83032,139.8753,139.92029,139.9653,140.01031,140.0553,140.10031,140.14532,140.1903,140.23529,140.2803,140.32532,140.3703,140.41528,140.4603,140.50531,140.5503,140.59528,140.64029,140.68527,140.73029,140.77527,140.82025,140.86526,140.91025,140.95526,141.00024,141.04523,141.09021,141.1352,141.1802,141.22519,141.2702,141.31519,141.36017,141.40515,141.45013,141.49512,141.5401,141.58508,141.63007,141.67505,141.72003,141.76501,141.81,141.85498
137.44464,137.48962,137.5346,137.57962,137.62463,137.66962,137.71463,137.75964,137.80463,137.84964,137.89465,137.93964,137.98468,138.02966,138.07468,138.11969,138.1647,138.20972,138.25473,138.29974,138.34476,138.38977,138.43478,138.4798,138.52481,138.56982,138.61484,138.65985,138.7049,138.74988,138.79492,138.83994,138.88495,138.92996,138.97498,139.02002,139.06503,139.11005,139.15509,139.20007,139.24512,139.29013,139.33514,139.38019,139.42517,139.47021,139.51523,139.56024,139.60529,139.6503,139.69531,139.74036,139.78537,139.83038,139.87543,139.92041,139.96545,140.01047,140.05548,140.10052,140.14551,140.19055,140.23557,140.28058,140.32562,140.37064,140.41565,140.46066,140.50568,140.55072,140.5957,140.64075,140.68576,140.73077,140.77579,140.8208,140.86581,140.91083,140.95584,141.00085,141.04587,141.09088,141.1359,141.18091,141.22592,141.27094,141.31592,141.36096,141.40594,141.45096,141.49597,141.54095,141.58597,141.63098,141.67596,141.72098,141.76599,141.81097,141.85596
137.4436,137.48865,137.53363,137.57867,137.62369,137.6687,137.71375,137.75876,137.80377,137.84882,137.89386,137.93887,137.98389,138.02893,138.07397,138.11899,138.164,138.20905,138.25409,138.29913,138.34418,138.38919,138.4342,138.47925,138.52429,138.56934,138.61438,138.65942,138.70444,138.74948,138.79453,138.83954,138.88458,138.92963,138.97467,139.01971,139.06476,139.1098,139.15485,139.19989,139.24493,139.28998,139.33502,139.38007,139.42511,139.47015,139.51517,139.56021,139.60526,139.6503,139.69534,139.74039,139.78543,139.83044,139.87549,139.92053,139.96558,140.01062,140.05566,140.10071,140.14575,140.1908,140.23584,140.28088,140.32593,140.37097,140.41602,140.46106,140.50607,140.55112,140.59616,140.64117,140.68622,140.73126,140.7763,140.82135,140.8664,140.9114,140.95642,141.00146,141.04651,141.09155,141.1366,141.18161,141.22662,141.27167,141.31671,141.36172,141.40674,141.45178,141.49683,141.54184,141.58685,141.6319,141.67691,141.72192,141.76697,141.81195,141.857
137.4426,137.48764,137.53268,137.57773,137.62274,137.66779,137.71286,137.7579,137.80295,137.84799,137.89304,137.93811,137.98315,138.0282,138.07324,138.11829,138.16333,138.20837,138.25345,138.29852,138.34357,138.38861,138.43365,138.47873,138.52377,138.56885,138.61389,138.65894,138.70401,138.74908,138.79413,138.83917,138.88425,138.92932,138.97437,139.01941,139.06448,139.10956,139.1546,139.19968,139.24475,139.2898,139.33484,139.37994,139.42499,139.47003,139.5151,139.56018,139.60522,139.6503,139.69537,139.74042,139.78549,139.83057,139.87561,139.92065,139.96576,140.0108,140.05585,140.10092,140.146,140.19104,140.23611,140.28119,140.32623,140.37128,140.41635,140.46143,140.50647,140.55151,140.59659,140.64166,140.6867,140.73175,140.77682,140.82187,140.86694,140.91199,140.95703,141.00208,141.04715,141.09222,141.13727,141.18231,141.22736,141.2724,141.31744,141.36249,141.40756,141.4526,141.49765,141.5427,141.58774,141.63281,141.67786,141.72287,141.76791,141.81296,141.858
137.44159,137.48663,137.53171,137.57678,137.62183,137.6669,137.71198,137.75702,137.8021,137.84717,137.89221,137.93732,137.98236,138.02747,138.07251,138.11758,138.16266,138.20773,138.2528,138.29788,138.34296,138.38803,138.4331,138.47818,138.52325,138.56836,138.6134,138.65851,138.70358,138.74866,138.79373,138.8388,138.88391,138.92896,138.97406,139.01913,139.06421,139.10931,139.15439,139.19946,139.24457,139.28961,139.33472,139.37982,139.42487,139.46997,139.51505,139.56012,139.60522,139.6503,139.69537,139.74048,139.78555,139.83063,139.87573,139.92078,139.96588,140.01099,140.05603,140.10114,140.14621,140.19128,140.23639,140.28146,140.32654,140.37164,140.41669,140.46179,140.50687,140.55194,140.59702,140.64209,140.6872,140.73224,140.77734,140.82242,140.8675,140.91257,140.95764,141.00272,141.04779,141.09286,141.13794,141.18301,141.22809,141.27313,141.31824,141.36328,141.40839,141.45343,141.4985,141.54358,141.58862,141.6337,141.67877,141.72382,141.76889,141.81396,141.85901
137.44055,137.48566,137.53073,137.5758,137.62091,137.66599,137.71106,137.75616,137.80127,137.84634,137.89142,137.93652,137.98163,138.0267,138.07178,138.11688,138.16199,138.20709,138.25217,138.29724,138.34235,138.38745,138.43256,138.47766,138.52277,138.56784,138.61295,138.65802,138.70312,138.74823,138.79333,138.83844,138.88354,138.92865,138.97375,139.01886,139.06396,139.10907,139.15417,139.19928,139.24438,139.28949,139.33456,139.37967,139.42477,139.46988,139.51498,139.56009,139.6052,139.6503,139.6954,139.74051,139.78561,139.83072,139.87582,139.92093,139.96603,140.01111,140.05621,140.10132,140.14642,140.19153,140.23663,140.28174,140.32684,140.37195,140.41705,140.46216,140.50726,140.55237,140.59747,140.64258,140.68765,140.73276,140.77783,140.82294,140.86804,140.91315,140.95825,141.00336,141.04843,141.0935,141.13861,141.18372,141.22882,141.2739,141.31897,141.36407,141.40918,141.45425,141.49933,141.54443,141.58954,141.63461,141.67969,141.7248,141.76987,141.81494,141.86005
137.43958,137.48468,137.52975,137.57486,137.61996,137.66507,137.7102,137.75531,137.80042,137.84552,137.89062,137.93573,137.98083,138.02594,138.07104,138.11618,138.16132,138.20642,138.25153,138.29663,138.34174,138.38687,138.432,138.47711,138.52222,138.56735,138.61249,138.6576,138.7027,138.74783,138.79297,138.83807,138.88318,138.92831,138.97345,139.01855,139.06369,139.10883,139.15393,139.19904,139.24417,139.2893,139.33441,139.37955,139.42468,139.46979,139.51492,139.56006,139.60516,139.6503,139.69543,139.74054,139.78568,139.83081,139.87592,139.92105,139.96619,140.01129,140.05643,140.10156,140.14667,140.19177,140.23691,140.28204,140.32715,140.37228,140.41742,140.46252,140.50763,140.55276,140.5979,140.643,140.68811,140.73325,140.77838,140.82349,140.86859,140.91373,140.95886,141.00397,141.04907,141.09418,141.13928,141.18442,141.22955,141.27466,141.31976,141.36487,141.40997,141.45508,141.50018,141.54529,141.5904,141.63553,141.68063,141.72574,141.77084,141.81592,141.86102
137.43854,137.48364,137.52881,137.57391,137.61902,137.66418,137.70929,137.75443,137.79956,137.84467,137.88983,137.93494,137.98007,138.0252,138.07034,138.11548,138.16061,138.20575,138.25089,138.29602,138.34116,138.38629,138.43143,138.47656,138.52173,138.56683,138.612,138.65714,138.70227,138.7474,138.79254,138.8377,138.88284,138.92798,138.97314,139.01825,139.06342,139.10855,139.15369,139.19885,139.24399,139.28912,139.33429,139.37943,139.42456,139.46973,139.51486,139.56,139.60516,139.6503,139.69543,139.7406,139.78574,139.83087,139.87604,139.92117,139.96631,140.01147,140.05661,140.10175,140.14691,140.19205,140.23718,140.28235,140.32745,140.37262,140.41776,140.46289,140.50806,140.55319,140.59833,140.64346,140.6886,140.73376,140.77887,140.82404,140.86917,140.9143,140.95944,141.00458,141.04971,141.09485,141.13998,141.18512,141.23026,141.27539,141.32053,141.36566,141.41077,141.45593,141.50104,141.54617,141.59131,141.63641,141.68158,141.72668,141.77179,141.81696,141.86206
137.43753,137.48267,137.52783,137.57294,137.6181,137.66327,137.7084,137.75354,137.7987,137.84387,137.889,137.93414,137.97931,138.02448,138.06961,138.11478,138.15991,138.20508,138.25024,138.29541,138.34058,138.38571,138.43088,138.47601,138.52118,138.56635,138.61151,138.65668,138.70184,138.74701,138.79218,138.83734,138.8825,138.92767,138.97281,139.01797,139.06314,139.1083,139.15347,139.19864,139.2438,139.28897,139.33414,139.3793,139.42447,139.46964,139.5148,139.55997,139.60513,139.6503,139.69547,139.74063,139.7858,139.83096,139.87613,139.9213,139.96646,140.01163,140.0568,140.10196,140.14713,140.19229,140.23746,140.28262,140.32779,140.37292,140.41809,140.46326,140.50842,140.55359,140.59875,140.64392,140.68909,140.73425,140.77942,140.82458,140.86972,140.91489,140.96002,141.00519,141.05035,141.09552,141.14069,141.18582,141.23099,141.27612,141.32129,141.36646,141.41159,141.45673,141.50189,141.54706,141.5922,141.63733,141.6825,141.72766,141.77277,141.81793,141.86307
137.43652,137.48169,137.52686,137.57202,137.61719,137.66235,137.70752,137.75269,137.79785,137.84302,137.88818,137.93335,137.97852,138.02371,138.06891,138.11407,138.15924,138.2044,138.24957,138.29477,138.33997,138.38513,138.4303,138.4755,138.52069,138.56586,138.61102,138.65622,138.70142,138.74658,138.79175,138.83694,138.88214,138.9273,138.9725,139.0177,139.06287,139.10806,139.15326,139.19843,139.24362,139.28882,139.33398,139.37918,139.42438,139.46954,139.51474,139.55994,139.6051,139.6503,139.6955,139.74066,139.78586,139.83105,139.87622,139.92142,139.96661,140.01178,140.05698,140.10217,140.14734,140.19254,140.23773,140.2829,140.3281,140.37329,140.41846,140.46365,140.50885,140.55402,140.59918,140.64438,140.68958,140.73474,140.7799,140.8251,140.8703,140.91547,140.96063,141.00583,141.05103,141.09619,141.14136,141.18652,141.23169,141.27689,141.32208,141.36725,141.41241,141.45758,141.50275,141.54791,141.59308,141.63824,141.68341,141.72858,141.77374,141.81891,141.86407
137.43549,137.48065,137.52588,137.57104,137.61624,137.66144,137.7066,137.7518,137.797,137.8422,137.88739,137.93256,137.97778,138.02295,138.06818,138.11334,138.15857,138.20374,138.24896,138.29413,138.33936,138.38455,138.42975,138.47495,138.52014,138.56537,138.61053,138.65576,138.70096,138.74615,138.79138,138.83658,138.88177,138.927,138.9722,139.0174,139.06262,139.10779,139.15302,139.19824,139.24341,139.28864,139.33386,139.37906,139.42426,139.46948,139.51468,139.55988,139.6051,139.6503,139.6955,139.74072,139.78592,139.83112,139.87634,139.92154,139.96674,140.01196,140.05719,140.10236,140.14758,140.19281,140.23798,140.2832,140.3284,140.3736,140.41882,140.46402,140.50922,140.55444,140.59964,140.64484,140.69006,140.73523,140.78046,140.82565,140.87085,140.91605,140.96124,141.00647,141.05164,141.09686,141.14203,141.18726,141.23242,141.27765,141.32281,141.36804,141.41321,141.4584,141.5036,141.5488,141.594,141.63916,141.68436,141.72955,141.77472,141.81995,141.86511
137.43445,137.47968,137.5249,137.57007,137.6153,137.66052,137.70572,137.75092,137.79614,137.84137,137.88657,137.93176,137.97699,138.02222,138.06744,138.11267,138.15787,138.20306,138.24829,138.29352,138.33875,138.38397,138.4292,138.47443,138.51965,138.56485,138.61008,138.6553,138.70053,138.74576,138.79095,138.83618,138.88141,138.92664,138.97186,139.01709,139.06232,139.10754,139.15277,139.198,139.24323,139.28845,139.33368,139.3789,139.42413,139.46939,139.51462,139.55984,139.60507,139.6503,139.69553,139.74075,139.78598,139.8312,139.87646,139.92169,139.96692,140.01215,140.05737,140.1026,140.14783,140.19305,140.23828,140.28351,140.32874,140.37396,140.41919,140.46442,140.50964,140.55484,140.60007,140.6453,140.69052,140.73575,140.78094,140.82617,140.8714,140.91663,140.96185,141.00708,141.0523,141.09753,141.14273,141.18793,141.23315,141.27838,141.32361,141.36884,141.41403,141.45923,141.50446,141.54968,141.59488,141.64008,141.6853,141.73053,141.7757,141.82092,141.86615
137.43344,137.47867,137.52393,137.56915,137.61438,137.6596,137.70483,137.75006,137.79529,137.84052,137.88574,137.931,137.97623,138.02148,138.06671,138.11194,138.15717,138.20242,138.24768,138.29291,138.33813,138.38336,138.42862,138.47388,138.5191,138.56436,138.60962,138.65485,138.70007,138.74533,138.79059,138.83582,138.88107,138.92633,138.97156,139.01682,139.06207,139.1073,139.15256,139.19781,139.24304,139.2883,139.33356,139.37878,139.42407,139.4693,139.51456,139.55981,139.60504,139.6503,139.69556,139.74078,139.78604,139.8313,139.87653,139.92181,139.96704,140.0123,140.05756,140.10278,140.14804,140.1933,140.23853,140.28378,140.32904,140.37427,140.41953,140.46478,140.51001,140.55527,140.60052,140.64575,140.69098,140.73624,140.7815,140.82672,140.87198,140.91724,140.96246,141.00769,141.05292,141.09818,141.14343,141.18866,141.23389,141.27911,141.32437,141.3696,141.41486,141.46008,141.50531,141.55054,141.59576,141.64099,141.68622,141.73145,141.77667,141.82193,141.86716
137.43243,137.47766,137.52292,137.56818,137.6134,137.65869,137.70392,137.74918,137.79443,137.83969,137.88495,137.9302,137.97546,138.02072,138.06598,138.11124,138.1565,138.20175,138.24701,138.29227,138.33752,138.38281,138.42804,138.47333,138.51859,138.56384,138.60913,138.65439,138.69965,138.74493,138.79016,138.83545,138.88074,138.92596,138.97125,139.01654,139.0618,139.10706,139.15234,139.1976,139.24286,139.28815,139.3334,139.37866,139.42395,139.46924,139.51447,139.55975,139.60504,139.6503,139.69556,139.74084,139.78613,139.83136,139.87665,139.92194,139.9672,140.01245,140.05774,140.103,140.14825,140.19354,140.2388,140.28406,140.32935,140.37463,140.41986,140.46515,140.51044,140.55566,140.60095,140.64621,140.69147,140.73676,140.78201,140.82727,140.87256,140.91779,140.96307,141.00833,141.05359,141.09885,141.1441,141.18936,141.23462,141.27988,141.32513,141.37039,141.41565,141.4609,141.50616,141.55142,141.59668,141.6419,141.6872,141.73242,141.77768,141.82294,141.86816
137.4314,137.47668,137.52194,137.5672,137.61249,137.65778,137.70303,137.74829,137.79358,137.83887,137.88412,137.92941,137.97467,138.01996,138.06525,138.11053,138.15582,138.20108,138.24637,138.29163,138.33691,138.3822,138.42749,138.47278,138.51807,138.56335,138.60864,138.65393,138.69922,138.7445,138.7898,138.83508,138.88037,138.92566,138.97095,139.01624,139.06152,139.10681,139.1521,139.19739,139.24268,139.28796,139.33325,139.37854,139.42383,139.46912,139.5144,139.55972,139.60501,139.6503,139.69559,139.74088,139.7862,139.83148,139.87677,139.92206,139.96735,140.01263,140.05792,140.10321,140.1485,140.19379,140.23907,140.28436,140.32965,140.37494,140.42023,140.46552,140.5108,140.55609,140.60138,140.64667,140.69196,140.73724,140.78253,140.82782,140.87311,140.9184,140.96368,141.00897,141.05423,141.09952,141.14478,141.19006,141.23535,141.28064,141.32593,141.37119,141.41647,141.46173,141.50702,141.5523,141.59756,141.64282,141.68811,141.7334,141.77866,141.82391,141.8692
