33.89451,33.89527,33.896023,33.896767,33.89749,33.89819,33.89888,33.899555,33.90022,33.900852,33.90148,33.902092,33.902683,33.903263,33.903835,33.904377,33.904907,33.90542,33.905926,33.906403,33.906876,33.907322,33.907764,33.908173,33.908577,33.908978,33.909348,33.90971,33.910053,33.910378,33.910683,33.910973,33.911247,33.911514,33.911762,33.91199,33.9122,33.912403,33.912594,33.91275,33.912903,33.913036,33.913147,33.913265,33.91334,33.913414,33.91348,33.91351,33.913544,33.913544,33.913544,33.91351,33.91348,33.913414,33.91334,33.913265,33.913147,33.913036,33.912903,33.91275,33.912594,33.912403,33.9122,33.91199,33.911762,33.911514,33.911247,33.910973,33.910683,33.910378,33.910053,33.90971,33.909348,33.908978,33.908577,33.908173,33.907764,33.907322,33.906876,33.906403,33.905926,33.90542,33.904907,33.904377,33.903835,33.903263,33.902683,33.902092,33.90148,33.900852,33.90022,33.899555,33.89888,33.89819,33.89749,33.896767,33.896023,33.89527,33.89451
33.930458,33.93123,33.93199,33.93272,33.933434,33.93414,33.93484,33.935513,33.936172,33.93681,33.937428,33.938046,33.93864,33.93922,33.939785,33.940342,33.940872,33.941376,33.94188,33.942364,33.942825,33.943287,33.943726,33.944145,33.94455,33.94493,33.94531,33.945663,33.945995,33.946327,33.946644,33.946934,33.947216,33.94747,33.947716,33.947956,33.948162,33.948368,33.948547,33.948715,33.948864,33.948997,33.949116,33.949215,33.949306,33.94937,33.949436,33.949467,33.949493,33.949512,33.949493,33.949467,33.949436,33.94937,33.949306,33.949215,33.949116,33.948997,33.948864,33.948715,33.948547,33.948368,33.948162,33.947956,33.947716,33.94747,33.947216,33.946934,33.946644,33.946327,33.945995,33.945663,33.94531,33.94493,33.94455,33.944145,33.943726,33.943287,33.942825,33.942364,33.94188,33.941376,33.940872,33.940342,33.939785,33.93922,33.93864,33.938046,33.937428,33.93681,33.936172,33.935513,33.93484,33.93414,33.933434,33.93272,33.93199,33.93123,33.930458
33.966396,33.96718,33.967934,33.968674,33.96939,33.970108,33.970783,33.97146,33.972122,33.972763,33.973404,33.974,33.9746,33.97518,33.975742,33.976295,33.97681,33.977337,33.97784,33.978317,33.97879,33.97924,33.979687,33.980106,33.980515,33.980896,33.981266,33.98162,33.98197,33.982296,33.9826,33.982895,33.983177,33.983444,33.98369,33.983906,33.984116,33.98433,33.98451,33.98468,33.98482,33.984962,33.98509,33.98518,33.98527,33.985344,33.985405,33.98543,33.985462,33.98547,33.985462,33.98543,33.985405,33.985344,33.98527,33.98518,33.98509,33.984962,33.98482,33.98468,33.98451,33.98433,33.984116,33.983906,33.98369,33.983444,33.983177,33.982895,33.9826,33.982296,33.98197,33.98162,33.981266,33.980896,33.980515,33.980106,33.979687,33.97924,33.97879,33.978317,33.97784,33.977337,33.97681,33.976295,33.975742,33.97518,33.9746,33.974,33.973404,33.972763,33.972122,33.97146,33.970783,33.970108,33.96939,33.968674,33.967934,33.96718,33.966396
34.002377,34.00314,34.003887,34.004627,34.005356,34.00605,34.006752,34.007427,34.00808,34.008724,34.009342,34.009964,34.010563,34.01114,34.011707,34.012257,34.012783,34.0133,34.013798,34.014286,34.014748,34.0152,34.015636,34.01607,34.016468,34.016857,34.017242,34.017582,34.017933,34.018246,34.018566,34.01886,34.019142,34.019405,34.01966,34.01988,34.020092,34.020287,34.02048,34.020645,34.020798,34.02092,34.02104,34.02116,34.021233,34.021317,34.02136,34.021404,34.021423,34.02143,34.021423,34.021404,34.02136,34.021317,34.021233,34.02116,34.02104,34.02092,34.020798,34.020645,34.02048,34.020287,34.020092,34.01988,34.01966,34.019405,34.019142,34.01886,34.018566,34.018246,34.017933,34.017582,34.017242,34.016857,34.016468,34.01607,34.015636,34.0152,34.014748,34.014286,34.013798,34.0133,34.012783,34.012257,34.011707,34.01114,34.010563,34.009964,34.009342,34.008724,34.00808,34.007427,34.006752,34.00605,34.005356,34.004627,34.003887,34.00314,34.002377
34.038322,34.039097,34.03985,34.040585,34.041306,34.04201,34.042706,34.04338,34.044037,34.044685,34.04532,34.045918,34.04652,34.0471,34.047665,34.04821,34.048737,34.04926,34.049755,34.050247,34.050713,34.051163,34.0516,34.052017,34.05243,34.05281,34.05318,34.053547,34.053894,34.054226,34.054527,34.054817,34.055096,34.055367,34.055603,34.055843,34.05605,34.05626,34.05643,34.056595,34.056755,34.05689,34.05701,34.057106,34.057194,34.057262,34.057323,34.05736,34.05739,34.05739,34.05739,34.05736,34.057323,34.057262,34.057194,34.057106,34.05701,34.05689,34.056755,34.056595,34.05643,34.05626,34.05605,34.055843,34.055603,34.055367,34.055096,34.054817,34.054527,34.054226,34.053894,34.053547,34.05318,34.05281,34.05243,34.052017,34.0516,34.051163,34.050713,34.050247,34.049755,34.04926,34.048737,34.04821,34.047665,34.0471,34.04652,34.045918,34.04532,34.044685,34.044037,34.04338,34.042706,34.04201,34.041306,34.040585,34.03985,34.039097,34.038322
34.074276,34.07504,34.0758,34.07654,34.077267,34.07798,34.078663,34.079334,34.079994,34.08065,34.08127,34.081886,34.082474,34.083054,34.08363,34.084187,34.0847,34.085228,34.085716,34.086205,34.08668,34.08713,34.087566,34.087994,34.08839,34.08879,34.08915,34.08951,34.08986,34.09018,34.09048,34.090786,34.09107,34.091324,34.091568,34.091805,34.09201,34.092224,34.092403,34.092564,34.092724,34.09285,34.092976,34.09308,34.093155,34.093243,34.093285,34.093323,34.09336,34.093365,34.09336,34.093323,34.093285,34.093243,34.093155,34.09308,34.092976,34.09285,34.092724,34.092564,34.092403,34.092224,34.09201,34.091805,34.091568,34.091324,34.09107,34.090786,34.09048,34.09018,34.08986,34.08951,34.08915,34.08879,34.08839,34.087994,34.087566,34.08713,34.08668,34.086205,34.085716,34.085228,34.0847,34.084187,34.08363,34.083054,34.082474,34.081886,34.08127,34.08065,34.079994,34.079334,34.078663,34.07798,34.077267,34.07654,34.0758,34.07504,34.074276
34.110226,34.110996,34.11176,34.1125,34.113224,34.113934,34.114616,34.1153,34.115955,34.116596,34.11723,34.117836,34.118446,34.11902,34.11957,34.12014,34.120667,34.121174,34.121677,34.12217,34.122627,34.123093,34.12353,34.12395,34.12436,34.12474,34.125122,34.12547,34.125816,34.126152,34.12645,34.126743,34.12702,34.127285,34.127533,34.12776,34.12798,34.12817,34.128365,34.128525,34.12868,34.128815,34.128937,34.129036,34.129128,34.12919,34.129253,34.129288,34.12931,34.129326,34.12931,34.129288,34.129253,34.12919,34.129128,34.129036,34.128937,34.128815,34.12868,34.128525,34.128365,34.12817,34.12798,34.12776,34.127533,34.127285,34.12702,34.126743,34.12645,34.126152,34.125816,34.12547,34.125122,34.12474,34.12436,34.12395,34.12353,34.123093,34.122627,34.12217,34.121677,34.121174,34.120667,34.12014,34.11957,34.11902,34.118446,34.117836,34.11723,34.116596,34.115955,34.1153,34.114616,34.113934,34.113224,34.1125,34.11176,34.110996,34.110226
34.146194,34.146965,34.147728,34.148453,34.149185,34.149883,34.15059,34.151264,34.15192,34.152557,34.153194,34.153812,34.154408,34.15498,34.15554,34.156097,34.156624,34.15715,34.15764,34.158142,34.158607,34.15906,34.159496,34.15992,34.160316,34.160706,34.161087,34.161427,34.161777,34.162113,34.162422,34.162712,34.16299,34.163258,34.163506,34.16373,34.16395,34.164146,34.16433,34.164494,34.164654,34.164776,34.1649,34.165,34.165092,34.16517,34.16522,34.165264,34.165283,34.165295,34.165283,34.165264,34.16522,34.16517,34.165092,34.165,34.1649,34.164776,34.164654,34.164494,34.16433,34.164146,34.16395,34.16373,34.163506,34.163258,34.16299,34.162712,34.162422,34.162113,34.161777,34.161427,34.161087,34.160706,34.160316,34.15992,34.159496,34.15906,34.158607,34.158142,34.15764,34.15715,34.156624,34.156097,34.15554,34.15498,34.154408,34.153812,34.153194,34.152557,34.15192,34.151264,34.15059,34.149883,34.149185,34.148453,34.147728,34.146965,34.146194
34.182144,34.18291,34.183674,34.184414,34.185127,34.18585,34.18653,34.187214,34.187878,34.188526,34.18915,34.18976,34.190365,34.190937,34.191498,34.192055,34.19258,34.193108,34.1936,34.194088,34.194553,34.195007,34.195446,34.195877,34.196278,34.19668,34.19705,34.197403,34.19774,34.198074,34.198387,34.19867,34.198956,34.199223,34.199463,34.199696,34.199917,34.200108,34.200287,34.20046,34.200603,34.20074,34.20087,34.200962,34.201057,34.201126,34.20118,34.201225,34.201252,34.20126,34.201252,34.201225,34.20118,34.201126,34.201057,34.200962,34.20087,34.20074,34.200603,34.20046,34.200287,34.200108,34.199917,34.199696,34.199463,34.199223,34.198956,34.19867,34.198387,34.198074,34.19774,34.197403,34.19705,34.19668,34.196278,34.195877,34.195446,34.195007,34.194553,34.194088,34.1936,34.193108,34.19258,34.192055,34.191498,34.190937,34.190365,34.18976,34.18915,34.188526,34.187878,34.187214,34.18653,34.18585,34.185127,34.184414,34.183674,34.18291,34.182144
34.218098,34.218884,34.219635,34.220375,34.221107,34.22181,34.222492,34.22317,34.22384,34.224483,34.22512,34.225723,34.226322,34.22691,34.227467,34.228024,34.22855,34.229065,34.22957,34.23007,34.230526,34.23098,34.231415,34.231842,34.232243,34.232643,34.233017,34.23337,34.233715,34.234035,34.234356,34.234642,34.23493,34.235195,34.23544,34.235657,34.235878,34.236076,34.236256,34.236427,34.236584,34.23672,34.236835,34.236927,34.23703,34.23709,34.23715,34.23719,34.237217,34.23723,34.237217,34.23719,34.23715,34.23709,34.23703,34.236927,34.236835,34.23672,34.236584,34.236427,34.236256,34.236076,34.235878,34.235657,34.23544,34.235195,34.23493,34.234642,34.234356,34.234035,34.233715,34.23337,34.233017,34.232643,34.232243,34.231842,34.231415,34.23098,34.230526,34.23007,34.22957,34.229065,34.22855,34.228024,34.227467,34.22691,34.226322,34.225723,34.22512,34.224483,34.22384,34.22317,34.222492,34.22181,34.221107,34.220375,34.219635,34.218884,34.218098
34.25407,34.25484,34.255592,34.256332,34.25706,34.25777,34.258465,34.25914,34.2598,34.260456,34.261074,34.261692,34.26228,34.262867,34.26344,34.26398,34.26451,34.265038,34.26553,34.26602,34.26649,34.26695,34.267395,34.267803,34.268215,34.26861,34.26897,34.26933,34.26968,34.27,34.270325,34.270607,34.270893,34.271152,34.271397,34.271626,34.271843,34.27204,34.272224,34.2724,34.272552,34.272686,34.272808,34.272907,34.273,34.273075,34.273113,34.27317,34.27318,34.273197,34.27318,34.27317,34.273113,34.273075,34.273,34.272907,34.272808,34.272686,34.272552,34.2724,34.272224,34.27204,34.271843,34.271626,34.271397,34.271152,34.270893,34.270607,34.270325,34.27,34.26968,34.26933,34.26897,34.26861,34.268215,34.267803,34.267395,34.26695,34.26649,34.26602,34.26553,34.265038,34.26451,34.26398,34.26344,34.262867,34.26228,34.261692,34.261074,34.260456,34.2598,34.25914,34.258465,34.25777,34.25706,34.256332,34.255592,34.25484,34.25407
34.29002,34.290802,34.29155,34.292294,34.29303,34.293728,34.294422,34.295094,34.29577,34.296417,34.297035,34.297653,34.298244,34.298836,34.2994,34.299953,34.300472,34.301003,34.301506,34.301983,34.302464,34.302906,34.303345,34.303772,34.304184,34.304573,34.304943,34.305305,34.305645,34.30597,34.30628,34.306576,34.306858,34.30712,34.30737,34.3076,34.307816,34.308014,34.308193,34.308357,34.30851,34.30865,34.308773,34.308872,34.308956,34.309032,34.309093,34.30913,34.30915,34.309162,34.30915,34.30913,34.309093,34.309032,34.308956,34.308872,34.308773,34.30865,34.30851,34.308357,34.308193,34.308014,34.307816,34.3076,34.30737,34.30712,34.306858,34.306576,34.30628,34.30597,34.305645,34.305305,34.304943,34.304573,34.304184,34.303772,34.303345,34.302906,34.302464,34.301983,34.301506,34.301003,34.300472,34.299953,34.2994,34.298836,34.298244,34.297653,34.297035,34.296417,34.29577,34.295094,34.294422,34.293728,34.29303,34.292294,34.29155,34.290802,34.29002
34.325985,34.32675,34.32751,34.32826,34.328976,34.329697,34.330383,34.33106,34.331726,34.33236,34.332996,34.33362,34.334206,34.334793,34.335373,34.3359,34.33645,34.336964,34.337463,34.33795,34.33842,34.338882,34.33932,34.339737,34.340153,34.34053,34.34091,34.341278,34.34162,34.34194,34.342247,34.342552,34.342823,34.34309,34.343334,34.343567,34.34379,34.34398,34.34416,34.34433,34.34449,34.344612,34.34474,34.344833,34.344925,34.345,34.345062,34.345097,34.345127,34.345127,34.345127,34.345097,34.345062,34.345,34.344925,34.344833,34.34474,34.344612,34.34449,34.34433,34.34416,34.34398,34.34379,34.343567,34.343334,34.34309,34.342823,34.342552,34.342247,34.34194,34.34162,34.341278,34.34091,34.34053,34.340153,34.339737,34.33932,34.338882,34.33842,34.33795,34.337463,34.336964,34.33645,34.3359,34.335373,34.334793,34.334206,34.33362,34.332996,34.33236,34.331726,34.33106,34.330383,34.329697,34.328976,34.32826,34.32751,34.32675,34.325985
34.361954,34.36272,34.363472,34.364227,34.36494,34.36565,34.36635,34.36702,34.367687,34.368336,34.368958,34.369576,34.37018,34.37075,34.37132,34.371872,34.372414,34.37293,34.373436,34.37391,34.374393,34.374847,34.375282,34.3757,34.376114,34.376503,34.37688,34.37724,34.37758,34.377903,34.378216,34.37851,34.378784,34.37905,34.379303,34.37953,34.37975,34.379948,34.38013,34.3803,34.38045,34.380596,34.380707,34.380817,34.380894,34.380966,34.381035,34.38106,34.381084,34.3811,34.381084,34.38106,34.381035,34.380966,34.380894,34.380817,34.380707,34.380596,34.38045,34.3803,34.38013,34.379948,34.37975,34.37953,34.379303,34.37905,34.378784,34.37851,34.378216,34.377903,34.37758,34.37724,34.37688,34.376503,34.376114,34.3757,34.375282,34.374847,34.374393,34.37391,34.373436,34.37293,34.372414,34.371872,34.37132,34.37075,34.37018,34.369576,34.368958,34.368336,34.367687,34.36702,34.36635,34.36565,34.36494,34.364227,34.363472,34.36272,34.361954
34.3979,34.398674,34.39944,34.400177,34.400906,34.401623,34.402306,34.402985,34.40365,34.404297,34.404934,34.405552,34.406143,34.40672,34.40729,34.407837,34.408375,34.40889,34.4094,34.40989,34.410355,34.4108,34.41124,34.411674,34.412086,34.412476,34.412838,34.413197,34.41354,34.413876,34.414185,34.414486,34.41476,34.415016,34.415283,34.415497,34.415714,34.415916,34.416103,34.41627,34.416424,34.416553,34.416683,34.416786,34.41686,34.416946,34.417004,34.417034,34.41706,34.417072,34.41706,34.417034,34.417004,34.416946,34.41686,34.416786,34.416683,34.416553,34.416424,34.41627,34.416103,34.415916,34.415714,34.415497,34.415283,34.415016,34.41476,34.414486,34.414185,34.413876,34.41354,34.413197,34.412838,34.412476,34.412086,34.411674,34.41124,34.4108,34.410355,34.40989,34.4094,34.40889,34.408375,34.407837,34.40729,34.40672,34.406143,34.405552,34.404934,34.404297,34.40365,34.402985,34.402306,34.401623,34.400906,34.400177,34.39944,34.398674,34.3979
34.43387,34.43464,34.4354,34.436142,34.436867,34.43758,34.43828,34.438953,34.43961,34.44026,34.4409,34.4415,34.442104,34.442684,34.443256,34.4438,34.444336,34.444866,34.445366,34.44584,34.446323,34.446785,34.447224,34.44764,34.448044,34.44844,34.44882,34.44918,34.449512,34.449833,34.45016,34.450443,34.450726,34.451,34.451237,34.45148,34.451683,34.451893,34.452072,34.452248,34.452385,34.45253,34.452644,34.452747,34.452835,34.452908,34.45297,34.453,34.453033,34.45304,34.453033,34.453,34.45297,34.452908,34.452835,34.452747,34.452644,34.45253,34.452385,34.452248,34.452072,34.451893,34.451683,34.45148,34.451237,34.451,34.450726,34.450443,34.45016,34.449833,34.449512,34.44918,34.44882,34.44844,34.448044,34.44764,34.447224,34.446785,34.446323,34.44584,34.445366,34.444866,34.444336,34.4438,34.443256,34.442684,34.442104,34.4415,34.4409,34.44026,34.43961,34.438953,34.43828,34.43758,34.436867,34.436142,34.4354,34.43464,34.43387
34.469833,34.470608,34.47136,34.472103,34.47283,34.47354,34.47423,34.47492,34.475582,34.47623,34.47685,34.477463,34.478073,34.47866,34.479225,34.47977,34.480312,34.480824,34.481327,34.481815,34.48229,34.482742,34.483185,34.4836,34.48401,34.4844,34.48479,34.485146,34.48548,34.485806,34.48612,34.48642,34.486702,34.486958,34.48721,34.487446,34.487656,34.48786,34.48804,34.488205,34.48836,34.488506,34.48861,34.48872,34.488815,34.48888,34.488937,34.488976,34.489002,34.489002,34.489002,34.488976,34.488937,34.48888,34.488815,34.48872,34.48861,34.488506,34.48836,34.488205,34.48804,34.48786,34.487656,34.487446,34.48721,34.486958,34.486702,34.48642,34.48612,34.485806,34.48548,34.485146,34.48479,34.4844,34.48401,34.4836,34.483185,34.482742,34.48229,34.481815,34.481327,34.480824,34.480312,34.47977,34.479225,34.47866,34.478073,34.477463,34.47685,34.47623,34.475582,34.47492,34.47423,34.47354,34.47283,34.472103,34.47136,34.470608,34.469833
34.50579,34.506565,34.507328,34.508068,34.508793,34.50951,34.510197,34.510887,34.51155,34.5122,34.512833,34.513447,34.514034,34.514618,34.515186,34.515743,34.516273,34.5168,34.51731,34.51778,34.518265,34.51872,34.519157,34.519585,34.51999,34.520382,34.520752,34.521114,34.521458,34.52178,34.522106,34.52239,34.522667,34.522934,34.523182,34.52342,34.523624,34.523823,34.524014,34.524174,34.524334,34.524467,34.524597,34.524693,34.52478,34.52486,34.52491,34.524963,34.524967,34.52498,34.524967,34.524963,34.52491,34.52486,34.52478,34.524693,34.524597,34.524467,34.524334,34.524174,34.524014,34.523823,34.523624,34.52342,34.523182,34.522934,34.522667,34.52239,34.522106,34.52178,34.521458,34.521114,34.520752,34.520382,34.51999,34.519585,34.519157,34.51872,34.518265,34.51778,34.51731,34.5168,34.516273,34.515743,34.515186,34.514618,34.514034,34.513447,34.512833,34.5122,34.51155,34.510887,34.510197,34.50951,34.508793,34.508068,34.507328,34.506565,34.50579
34.54176,34.542526,34.543285,34.544025,34.54476,34.54546,34.54617,34.546844,34.547504,34.548157,34.548786,34.549404,34.55,34.550594,34.55115,34.551704,34.55225,34.55277,34.55326,34.553753,34.554226,34.55468,34.55512,34.555534,34.555954,34.55634,34.556717,34.557083,34.55742,34.557755,34.558056,34.55837,34.55864,34.558903,34.559155,34.559383,34.559605,34.559803,34.559994,34.56015,34.560303,34.56045,34.56055,34.56067,34.56075,34.560814,34.560883,34.560913,34.560944,34.56095,34.560944,34.560913,34.560883,34.560814,34.56075,34.56067,34.56055,34.56045,34.560303,34.56015,34.559994,34.559803,34.559605,34.559383,34.559155,34.558903,34.55864,34.55837,34.558056,34.557755,34.55742,34.557083,34.556717,34.55634,34.555954,34.555534,34.55512,34.55468,34.554226,34.553753,34.55326,34.55277,34.55225,34.551704,34.55115,34.550594,34.55,34.549404,34.548786,34.548157,34.547504,34.546844,34.54617,34.54546,34.54476,34.544025,34.543285,34.542526,34.54176
34.57771,34.57849,34.579247,34.58,34.580727,34.581436,34.582134,34.58281,34.583473,34.58413,34.584763,34.585377,34.585968,34.586555,34.587128,34.587677,34.588207,34.588722,34.589237,34.58972,34.590202,34.590656,34.591095,34.591515,34.59192,34.592308,34.592693,34.593052,34.5934,34.593723,34.594036,34.594326,34.594612,34.594883,34.595116,34.595364,34.59557,34.595776,34.59595,34.596127,34.59627,34.596413,34.596535,34.596626,34.596718,34.596806,34.596855,34.596893,34.596916,34.596928,34.596916,34.596893,34.596855,34.596806,34.596718,34.596626,34.596535,34.596413,34.59627,34.596127,34.59595,34.595776,34.59557,34.595364,34.595116,34.594883,34.594612,34.594326,34.594036,34.593723,34.5934,34.593052,34.592693,34.592308,34.59192,34.591515,34.591095,34.590656,34.590202,34.58972,34.589237,34.588722,34.588207,34.587677,34.587128,34.586555,34.585968,34.585377,34.584763,34.58413,34.583473,34.58281,34.582134,34.581436,34.580727,34.58,34.579247,34.57849,34.57771
34.61368,34.614452,34.61522,34.615967,34.61669,34.617405,34.618095,34.618774,34.619434,34.620083,34.620724,34.621346,34.621933,34.62253,34.62309,34.62364,34.624172,34.62471,34.625202,34.625698,34.626163,34.626617,34.62706,34.627483,34.62788,34.628284,34.628662,34.629013,34.62936,34.629696,34.63,34.630302,34.630585,34.630848,34.631096,34.631317,34.631535,34.631744,34.631924,34.632088,34.632244,34.63238,34.632507,34.632607,34.632698,34.632763,34.632828,34.63286,34.632893,34.632893,34.632893,34.63286,34.632828,34.632763,34.632698,34.632607,34.632507,34.63238,34.632244,34.632088,34.631924,34.631744,34.631535,34.631317,34.631096,34.630848,34.630585,34.630302,34.63,34.629696,34.62936,34.629013,34.628662,34.628284,34.62788,34.627483,34.62706,34.626617,34.626163,34.625698,34.625202,34.62471,34.624172,34.62364,34.62309,34.62253,34.621933,34.621346,34.620724,34.620083,34.619434,34.618774,34.618095,34.617405,34.61669,34.615967,34.61522,34.614452,34.61368
34.64965,34.650417,34.651176,34.651924,34.652653,34.653362,34.654064,34.654743,34.65541,34.656055,34.656685,34.657314,34.657906,34.658485,34.659058,34.65961,34.660152,34.660667,34.661167,34.66166,34.66214,34.662582,34.663025,34.663456,34.66386,34.66426,34.664627,34.664993,34.665333,34.66567,34.665985,34.666275,34.666557,34.666813,34.667065,34.667297,34.66751,34.66772,34.667904,34.66807,34.668213,34.668358,34.66847,34.66858,34.668663,34.66874,34.668797,34.668835,34.66886,34.668873,34.66886,34.668835,34.668797,34.66874,34.668663,34.66858,34.66847,34.668358,34.668213,34.66807,34.667904,34.66772,34.66751,34.667297,34.667065,34.666813,34.666557,34.666275,34.665985,34.66567,34.665333,34.664993,34.664627,34.66426,34.66386,34.663456,34.663025,34.662582,34.66214,34.66166,34.661167,34.660667,34.660152,34.65961,34.659058,34.658485,34.657906,34.657314,34.656685,34.656055,34.65541,34.654743,34.654064,34.653362,34.652653,34.651924,34.651176,34.650417,34.64965
34.685608,34.68638,34.687145,34.687897,34.688618,34.689335,34.690025,34.690712,34.69138,34.692013,34.692657,34.69327,34.693867,34.694458,34.695023,34.69557,34.696125,34.696632,34.697144,34.69764,34.6981,34.698563,34.698997,34.69943,34.699833,34.700222,34.700596,34.70096,34.70132,34.70163,34.701946,34.70224,34.702526,34.702793,34.703037,34.70327,34.703487,34.703686,34.70387,34.704052,34.704193,34.704327,34.70445,34.70455,34.704643,34.704704,34.70477,34.704796,34.704823,34.70485,34.704823,34.704796,34.70477,34.704704,34.704643,34.70455,34.70445,34.704327,34.704193,34.704052,34.70387,34.703686,34.703487,34.70327,34.703037,34.702793,34.702526,34.70224,34.701946,34.70163,34.70132,34.70096,34.700596,34.700222,34.699833,34.69943,34.698997,34.698563,34.6981,34.69764,34.697144,34.696632,34.696125,34.69557,34.695023,34.694458,34.693867,34.69327,34.692657,34.692013,34.69138,34.690712,34.690025,34.689335,34.688618,34.687897,34.687145,34.68638,34.685608
34.72157,34.72235,34.723103,34.723854,34.72458,34.725296,34.726,34.726677,34.727345,34.728,34.728626,34.729237,34.72985,34.730423,34.730995,34.73155,34.73209,34.732616,34.73311,34.7336,34.73408,34.734535,34.734974,34.7354,34.735813,34.736202,34.736572,34.73693,34.737286,34.73761,34.737923,34.738213,34.738503,34.738758,34.739014,34.739243,34.739464,34.739662,34.739853,34.740013,34.74017,34.74031,34.740417,34.740524,34.740612,34.740677,34.74074,34.740776,34.740807,34.74081,34.740807,34.740776,34.74074,34.740677,34.740612,34.740524,34.740417,34.74031,34.74017,34.740013,34.739853,34.739662,34.739464,34.739243,34.739014,34.738758,34.738503,34.738213,34.737923,34.73761,34.737286,34.73693,34.736572,34.736202,34.735813,34.7354,34.734974,34.734535,34.73408,34.7336,34.73311,34.732616,34.73209,34.73155,34.730995,34.730423,34.72985,34.729237,34.728626,34.728,34.727345,34.726677,34.726,34.725296,34.72458,34.723854,34.723103,34.72235,34.72157
34.757534,34.758312,34.759087,34.759823,34.760563,34.76126,34.761967,34.762646,34.76332,34.763966,34.764606,34.765217,34.765812,34.7664,34.766975,34.767525,34.76806,34.768585,34.76908,34.76958,34.770046,34.770504,34.770947,34.771366,34.771782,34.772167,34.772545,34.772903,34.77326,34.773586,34.773907,34.774197,34.77447,34.774734,34.77499,34.775204,34.775436,34.775635,34.775818,34.775986,34.776146,34.77627,34.7764,34.776493,34.77659,34.776665,34.77672,34.77676,34.776783,34.776787,34.776783,34.77676,34.77672,34.776665,34.77659,34.776493,34.7764,34.77627,34.776146,34.775986,34.775818,34.775635,34.775436,34.775204,34.77499,34.774734,34.77447,34.774197,34.773907,34.773586,34.77326,34.772903,34.772545,34.772167,34.771782,34.771366,34.770947,34.770504,34.770046,34.76958,34.76908,34.768585,34.76806,34.767525,34.766975,34.7664,34.765812,34.765217,34.764606,34.763966,34.76332,34.762646,34.761967,34.76126,34.760563,34.759823,34.759087,34.758312,34.757534
34.7935,34.79428,34.795044,34.795784,34.79652,34.79724,34.797924,34.79861,34.79928,34.79993,34.80056,34.80118,34.80179,34.802372,34.80293,34.803493,34.80402,34.804554,34.80505,34.80555,34.80602,34.806465,34.806915,34.80734,34.80775,34.808144,34.808525,34.808884,34.809227,34.809563,34.80986,34.810173,34.810444,34.810707,34.810944,34.811188,34.811405,34.811604,34.81179,34.811962,34.812107,34.812252,34.812366,34.812473,34.81256,34.812626,34.812695,34.812725,34.81276,34.812763,34.81276,34.812725,34.812695,34.812626,34.81256,34.812473,34.812366,34.812252,34.812107,34.811962,34.81179,34.811604,34.811405,34.811188,34.810944,34.810707,34.810444,34.810173,34.80986,34.809563,34.809227,34.808884,34.808525,34.808144,34.80775,34.80734,34.806915,34.806465,34.80602,34.80555,34.80505,34.804554,34.80402,34.803493,34.80293,34.802372,34.80179,34.80118,34.80056,34.79993,34.79928,34.79861,34.797924,34.79724,34.79652,34.795784,34.795044,34.79428,34.7935
34.829464,34.830246,34.83102,34.831764,34.832497,34.8332,34.833897,34.834576,34.835243,34.8359,34.836525,34.837154,34.837757,34.838333,34.838913,34.839466,34.839996,34.84051,34.841022,34.841522,34.841988,34.84245,34.84288,34.843307,34.843727,34.84412,34.8445,34.844852,34.845203,34.845524,34.845837,34.846138,34.84642,34.846684,34.84693,34.84717,34.847393,34.847584,34.84777,34.84794,34.8481,34.84823,34.848343,34.84845,34.84853,34.848618,34.848675,34.848713,34.848736,34.84874,34.848736,34.848713,34.848675,34.848618,34.84853,34.84845,34.848343,34.84823,34.8481,34.84794,34.84777,34.847584,34.847393,34.84717,34.84693,34.846684,34.84642,34.846138,34.845837,34.845524,34.845203,34.844852,34.8445,34.84412,34.843727,34.843307,34.84288,34.84245,34.841988,34.841522,34.841022,34.84051,34.839996,34.839466,34.838913,34.838333,34.837757,34.837154,34.836525,34.8359,34.835243,34.834576,34.833897,34.8332,34.832497,34.831764,34.83102,34.830246,34.829464
34.865437,34.866215,34.866974,34.867725,34.86845,34.869164,34.869865,34.870544,34.871212,34.871864,34.872494,34.873123,34.873714,34.874306,34.87487,34.875423,34.87596,34.876488,34.87699,34.87749,34.877953,34.87841,34.878857,34.879284,34.879692,34.88008,34.880466,34.88083,34.88117,34.8815,34.881813,34.882114,34.882397,34.882652,34.882896,34.88314,34.883347,34.883556,34.88373,34.8839,34.88406,34.884197,34.88432,34.884426,34.88451,34.884583,34.884644,34.884678,34.8847,34.88471,34.8847,34.884678,34.884644,34.884583,34.88451,34.884426,34.88432,34.884197,34.88406,34.8839,34.88373,34.883556,34.883347,34.88314,34.882896,34.882652,34.882397,34.882114,34.881813,34.8815,34.88117,34.88083,34.880466,34.88008,34.879692,34.879284,34.878857,34.87841,34.877953,34.87749,34.87699,34.876488,34.87596,34.875423,34.87487,34.874306,34.873714,34.873123,34.872494,34.871864,34.871212,34.870544,34.869865,34.869164,34.86845,34.867725,34.866974,34.866215,34.865437
34.9014,34.902184,34.902943,34.903694,34.90442,34.90514,34.905834,34.906525,34.907185,34.90785,34.90847,34.90908,34.909687,34.91027,34.910847,34.91141,34.91194,34.912468,34.91297,34.913467,34.91393,34.914387,34.91483,34.91526,34.915665,34.91606,34.916443,34.91679,34.91715,34.917473,34.917793,34.91809,34.918365,34.91863,34.918877,34.91911,34.919334,34.91952,34.919712,34.919888,34.92004,34.920177,34.92029,34.920403,34.920486,34.920563,34.92062,34.92066,34.920685,34.920685,34.920685,34.92066,34.92062,34.920563,34.920486,34.920403,34.92029,34.920177,34.92004,34.919888,34.919712,34.91952,34.919334,34.91911,34.918877,34.91863,34.918365,34.91809,34.917793,34.917473,34.91715,34.91679,34.916443,34.91606,34.915665,34.91526,34.91483,34.914387,34.91393,34.913467,34.91297,34.912468,34.91194,34.91141,34.910847,34.91027,34.909687,34.90908,34.90847,34.90785,34.907185,34.906525,34.905834,34.90514,34.90442,34.903694,34.902943,34.902184,34.9014
34.93736,34.93815,34.93891,34.939667,34.9404,34.941097,34.9418,34.94249,34.943157,34.943813,34.94444,34.94507,34.94566,34.946243,34.946815,34.94737,34.9479,34.948437,34.948933,34.94942,34.9499,34.95036,34.950806,34.95122,34.95164,34.952038,34.95241,34.95277,34.953114,34.953445,34.95376,34.954052,34.954346,34.954605,34.954857,34.955082,34.9553,34.955498,34.955692,34.955853,34.95601,34.95615,34.956272,34.956375,34.956463,34.956528,34.9566,34.956627,34.956654,34.956665,34.956654,34.956627,34.9566,34.956528,34.956463,34.956375,34.956272,34.95615,34.95601,34.955853,34.955692,34.955498,34.9553,34.955082,34.954857,34.954605,34.954346,34.954052,34.95376,34.953445,34.953114,34.95277,34.95241,34.952038,34.95164,34.95122,34.950806,34.95036,34.9499,34.94942,34.948933,34.948437,34.9479,34.94737,34.946815,34.946243,34.94566,34.94507,34.94444,34.943813,34.943157,34.94249,34.9418,34.941097,34.9404,34.939667,34.93891,34.93815,34.93736
34.973328,34.97412,34.974876,34.975624,34.976353,34.977077,34.97778,34.978455,34.979126,34.979774,34.980415,34.98103,34.981632,34.98222,34.982796,34.98335,34.98388,34.984413,34.98491,34.985397,34.985878,34.986332,34.986782,34.987198,34.987617,34.98801,34.988384,34.98875,34.989094,34.98942,34.98974,34.990036,34.990314,34.99059,34.990833,34.99107,34.991283,34.991478,34.99166,34.991837,34.991997,34.992115,34.99224,34.992355,34.992443,34.992504,34.99257,34.992596,34.992634,34.99264,34.992634,34.992596,34.99257,34.992504,34.992443,34.992355,34.99224,34.992115,34.991997,34.991837,34.99166,34.991478,34.991283,34.99107,34.990833,34.99059,34.990314,34.990036,34.98974,34.98942,34.989094,34.98875,34.988384,34.98801,34.987617,34.987198,34.986782,34.986332,34.985878,34.985397,34.98491,34.984413,34.98388,34.98335,34.982796,34.98222,34.981632,34.98103,34.980415,34.979774,34.979126,34.978455,34.97778,34.977077,34.976353,34.975624,34.974876,34.97412,34.973328
35.00931,35.010075,35.010845,35.01159,35.012318,35.013046,35.01374,35.014416,35.015087,35.015743,35.016373,35.01699,35.0176,35.018196,35.018764,35.019314,35.019848,35.020363,35.020885,35.021374,35.021843,35.022312,35.02275,35.02318,35.023586,35.02397,35.024353,35.024727,35.02507,35.02539,35.02571,35.02601,35.026283,35.026546,35.02681,35.02703,35.027245,35.027454,35.027637,35.027798,35.027966,35.028095,35.02822,35.02832,35.028408,35.02849,35.02854,35.02858,35.028595,35.028614,35.028595,35.02858,35.02854,35.02849,35.028408,35.02832,35.02822,35.028095,35.027966,35.027798,35.027637,35.027454,35.027245,35.02703,35.02681,35.026546,35.026283,35.02601,35.02571,35.02539,35.02507,35.024727,35.024353,35.02397,35.023586,35.02318,35.02275,35.022312,35.021843,35.021374,35.020885,35.020363,35.019848,35.019314,35.018764,35.018196,35.0176,35.01699,35.016373,35.015743,35.015087,35.014416,35.01374,35.013046,35.012318,35.01159,35.010845,35.010075,35.00931
35.045265,35.046047,35.046818,35.047565,35.0483,35.049015,35.04972,35.050392,35.051067,35.051716,35.05235,35.052967,35.053585,35.054173,35.054726,35.05528,35.055832,35.056347,35.05685,35.057346,35.057823,35.058285,35.058723,35.059155,35.05955,35.05995,35.060333,35.060707,35.061047,35.061363,35.061684,35.06198,35.062263,35.06253,35.062782,35.063007,35.06323,35.06344,35.06362,35.06379,35.06394,35.06407,35.064198,35.064304,35.064396,35.064465,35.064518,35.064556,35.064583,35.064583,35.064583,35.064556,35.064518,35.064465,35.064396,35.064304,35.064198,35.06407,35.06394,35.06379,35.06362,35.06344,35.06323,35.063007,35.062782,35.06253,35.062263,35.06198,35.061684,35.061363,35.061047,35.060707,35.060333,35.05995,35.05955,35.059155,35.058723,35.058285,35.057823,35.057346,35.05685,35.056347,35.055832,35.05528,35.054726,35.054173,35.053585,35.052967,35.05235,35.051716,35.051067,35.050392,35.04972,35.049015,35.0483,35.047565,35.046818,35.046047,35.045265
35.08123,35.082024,35.082783,35.083534,35.08427,35.08498,35.085674,35.086357,35.087032,35.087696,35.08832,35.08895,35.08955,35.09013,35.09071,35.09127,35.0918,35.09234,35.092827,35.093323,35.093796,35.094257,35.094704,35.095135,35.095535,35.095932,35.096306,35.096672,35.097015,35.09735,35.09766,35.097954,35.098244,35.098507,35.098755,35.09899,35.0992,35.0994,35.099594,35.099766,35.099922,35.100056,35.100174,35.100277,35.100365,35.10045,35.100502,35.100544,35.100567,35.100567,35.100567,35.100544,35.100502,35.10045,35.100365,35.100277,35.100174,35.100056,35.099922,35.099766,35.099594,35.0994,35.0992,35.09899,35.098755,35.098507,35.098244,35.097954,35.09766,35.09735,35.097015,35.096672,35.096306,35.095932,35.095535,35.095135,35.094704,35.094257,35.093796,35.093323,35.092827,35.09234,35.0918,35.09127,35.09071,35.09013,35.08955,35.08895,35.08832,35.087696,35.087032,35.086357,35.085674,35.08498,35.08427,35.083534,35.082783,35.082024,35.08123
35.117207,35.117977,35.11875,35.119507,35.120228,35.120968,35.12165,35.122337,35.122993,35.12366,35.12429,35.124916,35.125515,35.1261,35.12668,35.127228,35.127773,35.128292,35.128796,35.12929,35.12977,35.130226,35.130665,35.131104,35.131508,35.131897,35.13229,35.132645,35.132996,35.13332,35.13364,35.133938,35.134224,35.13448,35.13474,35.134964,35.135185,35.135387,35.135574,35.13574,35.1359,35.136032,35.136154,35.136257,35.13635,35.136414,35.13648,35.136505,35.136528,35.136543,35.136528,35.136505,35.13648,35.136414,35.13635,35.136257,35.136154,35.136032,35.1359,35.13574,35.135574,35.135387,35.135185,35.134964,35.13474,35.13448,35.134224,35.133938,35.13364,35.13332,35.132996,35.132645,35.13229,35.131897,35.131508,35.131104,35.130665,35.130226,35.12977,35.12929,35.128796,35.128292,35.127773,35.127228,35.12668,35.1261,35.125515,35.124916,35.12429,35.12366,35.122993,35.122337,35.12165,35.120968,35.120228,35.119507,35.11875,35.117977,35.117207
35.153168,35.153954,35.154724,35.15547,35.15621,35.15692,35.157623,35.158314,35.158978,35.159634,35.16027,35.160885,35.1615,35.162075,35.162643,35.16321,35.16374,35.164276,35.164776,35.165276,35.165752,35.166203,35.16665,35.16708,35.167492,35.167885,35.16826,35.168625,35.168976,35.169296,35.169613,35.169914,35.170193,35.170456,35.170715,35.17093,35.171165,35.171364,35.17154,35.171715,35.171875,35.171997,35.172123,35.172237,35.172314,35.172386,35.172455,35.17248,35.172512,35.17252,35.172512,35.17248,35.172455,35.172386,35.172314,35.172237,35.172123,35.171997,35.171875,35.171715,35.17154,35.171364,35.171165,35.17093,35.170715,35.170456,35.170193,35.169914,35.169613,35.169296,35.168976,35.168625,35.16826,35.167885,35.167492,35.16708,35.16665,35.166203,35.165752,35.165276,35.164776,35.164276,35.16374,35.16321,35.162643,35.162075,35.1615,35.160885,35.16027,35.159634,35.158978,35.158314,35.157623,35.15692,35.15621,35.15547,35.154724,35.153954,35.153168
35.18914,35.18992,35.19068,35.19145,35.192173,35.19289,35.193596,35.19428,35.194942,35.195587,35.19624,35.196846,35.197453,35.198048,35.19862,35.19918,35.199722,35.200245,35.20075,35.20124,35.201714,35.20218,35.202625,35.203045,35.203465,35.203846,35.204227,35.204597,35.204945,35.205273,35.20559,35.205875,35.206165,35.206436,35.20668,35.20692,35.207138,35.20734,35.207523,35.207695,35.20784,35.207985,35.208107,35.20821,35.208305,35.20837,35.208424,35.20846,35.208485,35.208504,35.208485,35.20846,35.208424,35.20837,35.208305,35.20821,35.208107,35.207985,35.20784,35.207695,35.207523,35.20734,35.207138,35.20692,35.20668,35.206436,35.206165,35.205875,35.20559,35.205273,35.204945,35.204597,35.204227,35.203846,35.203465,35.203045,35.202625,35.20218,35.201714,35.20124,35.20075,35.200245,35.199722,35.19918,35.19862,35.198048,35.197453,35.196846,35.19624,35.195587,35.194942,35.19428,35.193596,35.19289,35.192173,35.19145,35.19068,35.18992,35.18914
35.2251,35.225887,35.22666,35.2274,35.228146,35.228863,35.229565,35.23025,35.230915,35.23157,35.232212,35.232826,35.23344,35.23402,35.234596,35.235157,35.23569,35.23622,35.236725,35.237225,35.237698,35.23815,35.238598,35.239017,35.23944,35.239826,35.240208,35.240578,35.240913,35.24126,35.241566,35.241867,35.24215,35.242416,35.24266,35.242897,35.243122,35.243305,35.2435,35.24367,35.24382,35.24395,35.24408,35.24419,35.24428,35.244343,35.244404,35.244442,35.24447,35.24448,35.24447,35.244442,35.244404,35.244343,35.24428,35.24419,35.24408,35.24395,35.24382,35.24367,35.2435,35.243305,35.243122,35.242897,35.24266,35.242416,35.24215,35.241867,35.241566,35.24126,35.240913,35.240578,35.240208,35.239826,35.23944,35.239017,35.238598,35.23815,35.237698,35.237225,35.236725,35.23622,35.23569,35.235157,35.234596,35.23402,35.23344,35.232826,35.232212,35.23157,35.230915,35.23025,35.229565,35.228863,35.228146,35.2274,35.22666,35.225887,35.2251
35.261086,35.26186,35.26263,35.263386,35.26412,35.26483,35.265533,35.26622,35.266895,35.26754,35.268185,35.268795,35.269405,35.269993,35.27057,35.27113,35.27166,35.272194,35.272697,35.27319,35.273666,35.27413,35.27457,35.275,35.275414,35.275806,35.276184,35.276543,35.2769,35.277214,35.277542,35.277836,35.27812,35.27839,35.278637,35.278873,35.279087,35.2793,35.27948,35.279644,35.279797,35.279934,35.28006,35.280167,35.280247,35.28032,35.280384,35.280422,35.28044,35.280457,35.28044,35.280422,35.280384,35.28032,35.280247,35.280167,35.28006,35.279934,35.279797,35.279644,35.27948,35.2793,35.279087,35.278873,35.278637,35.27839,35.27812,35.277836,35.277542,35.277214,35.2769,35.276543,35.276184,35.275806,35.275414,35.275,35.27457,35.27413,35.273666,35.27319,35.272697,35.272194,35.27166,35.27113,35.27057,35.269993,35.269405,35.268795,35.268185,35.26754,35.266895,35.26622,35.265533,35.26483,35.26412,35.263386,35.26263,35.26186,35.261086
35.29705,35.297844,35.2986,35.299343,35.300083,35.3008,35.301502,35.302193,35.30286,35.303513,35.30415,35.30478,35.30537,35.305973,35.306538,35.30709,35.307644,35.308167,35.308678,35.309174,35.30964,35.310104,35.31055,35.310974,35.311386,35.31179,35.312157,35.31252,35.312874,35.31319,35.31351,35.313812,35.314102,35.314365,35.31461,35.314846,35.315067,35.315277,35.31546,35.315624,35.315784,35.315903,35.316032,35.31614,35.31623,35.316296,35.31636,35.316387,35.316418,35.31643,35.316418,35.316387,35.31636,35.316296,35.31623,35.31614,35.316032,35.315903,35.315784,35.315624,35.31546,35.315277,35.315067,35.314846,35.31461,35.314365,35.314102,35.313812,35.31351,35.31319,35.312874,35.31252,35.312157,35.31179,35.311386,35.310974,35.31055,35.310104,35.30964,35.309174,35.308678,35.308167,35.307644,35.30709,35.306538,35.305973,35.30537,35.30478,35.30415,35.303513,35.30286,35.302193,35.301502,35.3008,35.300083,35.299343,35.2986,35.297844,35.29705
35.33303,35.333813,35.33457,35.33533,35.336056,35.336777,35.337475,35.33817,35.338844,35.33949,35.34013,35.340744,35.341354,35.34194,35.342525,35.34308,35.343616,35.34414,35.34465,35.345142,35.345627,35.34608,35.34652,35.346954,35.34736,35.34777,35.34814,35.348515,35.348854,35.349186,35.3495,35.349796,35.350075,35.350346,35.350586,35.350826,35.35105,35.351246,35.351433,35.3516,35.35176,35.3519,35.352016,35.35211,35.35221,35.35228,35.352345,35.352383,35.3524,35.35241,35.3524,35.352383,35.352345,35.35228,35.35221,35.35211,35.352016,35.3519,35.35176,35.3516,35.351433,35.351246,35.35105,35.350826,35.350586,35.350346,35.350075,35.349796,35.3495,35.349186,35.348854,35.348515,35.34814,35.34777,35.34736,35.346954,35.34652,35.34608,35.345627,35.345142,35.34465,35.34414,35.343616,35.34308,35.342525,35.34194,35.341354,35.340744,35.34013,35.33949,35.338844,35.33817,35.337475,35.336777,35.336056,35.33533,35.33457,35.333813,35.33303
35.368988,35.36977,35.37054,35.371292,35.372025,35.37275,35.373447,35.374126,35.374805,35.375458,35.376095,35.376728,35.377323,35.37792,35.378487,35.379044,35.379593,35.380116,35.380627,35.381123,35.381584,35.38205,35.382492,35.38292,35.38334,35.383736,35.38411,35.384483,35.38482,35.385155,35.385468,35.385777,35.386047,35.386314,35.386574,35.38681,35.387024,35.387222,35.38742,35.387577,35.387733,35.38788,35.387997,35.388096,35.388187,35.388256,35.388317,35.388348,35.388382,35.388386,35.388382,35.388348,35.388317,35.388256,35.388187,35.388096,35.387997,35.38788,35.387733,35.387577,35.38742,35.387222,35.387024,35.38681,35.386574,35.386314,35.386047,35.385777,35.385468,35.385155,35.38482,35.384483,35.38411,35.383736,35.38334,35.38292,35.382492,35.38205,35.381584,35.381123,35.380627,35.380116,35.379593,35.379044,35.378487,35.37792,35.377323,35.376728,35.376095,35.375458,35.374805,35.374126,35.373447,35.37275,35.372025,35.371292,35.37054,35.36977,35.368988
35.404964,35.405746,35.4065,35.40726,35.408005,35.40871,35.409416,35.41011,35.410774,35.411438,35.412067,35.412693,35.413303,35.413887,35.41447,35.415024,35.415558,35.416092,35.4166,35.417088,35.417564,35.41803,35.418465,35.418903,35.41931,35.419704,35.420086,35.42046,35.420803,35.421135,35.42145,35.42175,35.422028,35.422306,35.422554,35.422783,35.423008,35.423206,35.42339,35.423565,35.42372,35.423843,35.423973,35.42408,35.424156,35.424236,35.4243,35.424328,35.42436,35.424366,35.42436,35.424328,35.4243,35.424236,35.424156,35.42408,35.423973,35.423843,35.42372,35.423565,35.42339,35.423206,35.423008,35.422783,35.422554,35.422306,35.422028,35.42175,35.42145,35.421135,35.420803,35.42046,35.420086,35.419704,35.41931,35.418903,35.418465,35.41803,35.417564,35.417088,35.4166,35.416092,35.415558,35.415024,35.41447,35.413887,35.413303,35.412693,35.412067,35.411438,35.410774,35.41011,35.409416,35.40871,35.408005,35.40726,35.4065,35.405746,35.404964
35.44092,35.44171,35.442482,35.443233,35.443954,35.444683,35.445385,35.446075,35.44674,35.4474,35.448036,35.448654,35.449265,35.449863,35.45044,35.45099,35.451538,35.45206,35.452568,35.45306,35.453545,35.454002,35.45445,35.454872,35.455288,35.45569,35.456066,35.456432,35.45677,35.45711,35.457417,35.45772,35.458008,35.45828,35.458523,35.458755,35.45898,35.459175,35.459362,35.459534,35.45968,35.459827,35.45995,35.460052,35.460144,35.46021,35.460274,35.460308,35.460327,35.46035,35.460327,35.460308,35.460274,35.46021,35.460144,35.460052,35.45995,35.459827,35.45968,35.459534,35.459362,35.459175,35.45898,35.458755,35.458523,35.45828,35.458008,35.45772,35.457417,35.45711,35.45677,35.456432,35.456066,35.45569,35.455288,35.454872,35.45445,35.454002,35.453545,35.45306,35.452568,35.45206,35.451538,35.45099,35.45044,35.449863,35.449265,35.448654,35.448036,35.4474,35.44674,35.446075,35.445385,35.444683,35.443954,35.443233,35.442482,35.44171,35.44092
35.476894,35.47768,35.478443,35.479206,35.479942,35.480663,35.481365,35.48205,35.482723,35.483376,35.484016,35.484646,35.485245,35.485836,35.486416,35.486965,35.48751,35.48803,35.48855,35.489037,35.489502,35.489983,35.490433,35.49085,35.491257,35.491657,35.492046,35.49241,35.492756,35.49309,35.49341,35.493702,35.49399,35.494255,35.494503,35.494743,35.49495,35.49515,35.49535,35.495525,35.495655,35.495804,35.495934,35.49603,35.49612,35.496197,35.49625,35.49629,35.496323,35.496323,35.496323,35.49629,35.49625,35.496197,35.49612,35.49603,35.495934,35.495804,35.495655,35.495525,35.49535,35.49515,35.49495,35.494743,35.494503,35.494255,35.49399,35.493702,35.49341,35.49309,35.492756,35.49241,35.492046,35.491657,35.491257,35.49085,35.490433,35.489983,35.489502,35.489037,35.48855,35.48803,35.48751,35.486965,35.486416,35.485836,35.485245,35.484646,35.484016,35.483376,35.482723,35.48205,35.481365,35.480663,35.479942,35.479206,35.478443,35.47768,35.476894
35.512863,35.513653,35.514412,35.51518,35.515907,35.516632,35.517334,35.51802,35.518696,35.51934,35.51998,35.520603,35.521217,35.5218,35.52239,35.522938,35.523487,35.524014,35.524517,35.52501,35.525497,35.525955,35.526394,35.52683,35.52724,35.527637,35.52802,35.52838,35.528725,35.529057,35.529366,35.52967,35.529945,35.530228,35.530476,35.530712,35.53093,35.53114,35.53132,35.53149,35.531643,35.531788,35.53191,35.532013,35.5321,35.532166,35.532227,35.53227,35.532295,35.5323,35.532295,35.53227,35.532227,35.532166,35.5321,35.532013,35.53191,35.531788,35.531643,35.53149,35.53132,35.53114,35.53093,35.530712,35.530476,35.530228,35.529945,35.52967,35.529366,35.529057,35.528725,35.52838,35.52802,35.527637,35.52724,35.52683,35.526394,35.525955,35.525497,35.52501,35.524517,35.524014,35.523487,35.522938,35.52239,35.5218,35.521217,35.520603,35.51998,35.51934,35.518696,35.51802,35.517334,35.516632,35.515907,35.51518,35.514412,35.513653,35.512863
35.548836,35.549618,35.55039,35.551136,35.551876,35.5526,35.553307,35.554,35.554665,35.55532,35.55596,35.556587,35.557198,35.55778,35.558357,35.558907,35.559456,35.559982,35.560497,35.560993,35.561474,35.561928,35.562374,35.562817,35.56323,35.563606,35.563995,35.564358,35.564705,35.565033,35.565353,35.565655,35.565937,35.566204,35.566467,35.56668,35.566906,35.56711,35.56729,35.56748,35.56762,35.567757,35.56788,35.567993,35.56808,35.568146,35.56821,35.56824,35.568268,35.56828,35.568268,35.56824,35.56821,35.568146,35.56808,35.567993,35.56788,35.567757,35.56762,35.56748,35.56729,35.56711,35.566906,35.56668,35.566467,35.566204,35.565937,35.565655,35.565353,35.565033,35.564705,35.564358,35.563995,35.563606,35.56323,35.562817,35.562374,35.561928,35.561474,35.560993,35.560497,35.559982,35.559456,35.558907,35.558357,35.55778,35.557198,35.556587,35.55596,35.55532,35.554665,35.554,35.553307,35.5526,35.551876,35.551136,35.55039,35.549618,35.548836
35.584816,35.585594,35.586365,35.58711,35.587852,35.58857,35.58928,35.589966,35.590633,35.591293,35.591934,35.592556,35.593166,35.593754,35.59434,35.594894,35.595444,35.595963,35.596466,35.59696,35.59744,35.5979,35.598366,35.598793,35.5992,35.599594,35.59997,35.60034,35.60068,35.601013,35.60134,35.601624,35.601913,35.602184,35.602444,35.602673,35.602886,35.60309,35.60328,35.603455,35.603592,35.603733,35.60386,35.603962,35.60405,35.604122,35.604195,35.604225,35.60425,35.60426,35.60425,35.604225,35.604195,35.604122,35.60405,35.603962,35.60386,35.603733,35.603592,35.603455,35.60328,35.60309,35.602886,35.602673,35.602444,35.602184,35.601913,35.601624,35.60134,35.601013,35.60068,35.60034,35.59997,35.599594,35.5992,35.598793,35.598366,35.5979,35.59744,35.59696,35.596466,35.595963,35.595444,35.594894,35.59434,35.593754,35.593166,35.592556,35.591934,35.591293,35.590633,35.589966,35.58928,35.58857,35.587852,35.58711,35.586365,35.585594,35.584816
35.620773,35.62156,35.622337,35.62309,35.62382,35.62453,35.625248,35.62594,35.626617,35.627266,35.627903,35.62853,35.62914,35.62973,35.6303,35.630856,35.631413,35.63193,35.63245,35.632942,35.63342,35.633873,35.634323,35.63476,35.635166,35.63556,35.63595,35.63631,35.63666,35.636997,35.637306,35.637615,35.63789,35.638172,35.638416,35.63865,35.638874,35.639072,35.63925,35.639427,35.63957,35.639717,35.639835,35.639946,35.64003,35.640114,35.640167,35.640205,35.640232,35.640232,35.640232,35.640205,35.640167,35.640114,35.64003,35.639946,35.639835,35.639717,35.63957,35.639427,35.63925,35.639072,35.638874,35.63865,35.638416,35.638172,35.63789,35.637615,35.637306,35.636997,35.63666,35.63631,35.63595,35.63556,35.635166,35.63476,35.634323,35.633873,35.63342,35.632942,35.63245,35.63193,35.631413,35.630856,35.6303,35.62973,35.62914,35.62853,35.627903,35.627266,35.626617,35.62594,35.625248,35.62453,35.62382,35.62309,35.622337,35.62156,35.620773
35.656742,35.65754,35.658306,35.659058,35.659805,35.660522,35.661224,35.66191,35.662575,35.663242,35.66388,35.664513,35.665115,35.665707,35.66628,35.666843,35.66739,35.667915,35.668415,35.66892,35.6694,35.669853,35.6703,35.670727,35.671146,35.67154,35.671932,35.67229,35.672646,35.67297,35.673286,35.673584,35.67387,35.674137,35.674377,35.67462,35.674843,35.675056,35.67523,35.67541,35.675564,35.675697,35.675816,35.675926,35.67601,35.676083,35.676147,35.676186,35.676205,35.676216,35.676205,35.676186,35.676147,35.676083,35.67601,35.675926,35.675816,35.675697,35.675564,35.67541,35.67523,35.675056,35.674843,35.67462,35.674377,35.674137,35.67387,35.673584,35.673286,35.67297,35.672646,35.67229,35.671932,35.67154,35.671146,35.670727,35.6703,35.669853,35.6694,35.66892,35.668415,35.667915,35.66739,35.666843,35.66628,35.665707,35.665115,35.664513,35.66388,35.663242,35.662575,35.66191,35.661224,35.660522,35.659805,35.659058,35.658306,35.65754,35.656742
35.692707,35.693504,35.69427,35.695034,35.69577,35.696487,35.697186,35.697884,35.69855,35.699215,35.699852,35.700474,35.70108,35.70168,35.70225,35.70281,35.703358,35.703888,35.704395,35.70489,35.705364,35.70583,35.706284,35.706707,35.707127,35.707523,35.7079,35.708267,35.70862,35.708942,35.70926,35.709564,35.709846,35.71011,35.71037,35.7106,35.710823,35.711033,35.711212,35.71138,35.711536,35.711674,35.7118,35.7119,35.71199,35.71206,35.71212,35.71216,35.712185,35.712193,35.712185,35.71216,35.71212,35.71206,35.71199,35.7119,35.7118,35.711674,35.711536,35.71138,35.711212,35.711033,35.710823,35.7106,35.71037,35.71011,35.709846,35.709564,35.70926,35.708942,35.70862,35.708267,35.7079,35.707523,35.707127,35.706707,35.706284,35.70583,35.705364,35.70489,35.704395,35.703888,35.703358,35.70281,35.70225,35.70168,35.70108,35.700474,35.699852,35.699215,35.69855,35.697884,35.697186,35.696487,35.69577,35.695034,35.69427,35.693504,35.692707
35.72869,35.729465,35.730244,35.730995,35.731735,35.732456,35.73317,35.733852,35.734528,35.73518,35.73583,35.736454,35.73706,35.737644,35.738224,35.738792,35.73933,35.73987,35.74037,35.740864,35.741344,35.74181,35.74225,35.742676,35.743107,35.743496,35.743877,35.74424,35.7446,35.744915,35.74524,35.74555,35.745823,35.746098,35.74635,35.74658,35.74681,35.746998,35.74719,35.747368,35.747513,35.747654,35.747776,35.747887,35.74797,35.748043,35.748108,35.74814,35.74816,35.748173,35.74816,35.74814,35.748108,35.748043,35.74797,35.747887,35.747776,35.747654,35.747513,35.747368,35.74719,35.746998,35.74681,35.74658,35.74635,35.746098,35.745823,35.74555,35.74524,35.744915,35.7446,35.74424,35.743877,35.743496,35.743107,35.742676,35.74225,35.74181,35.741344,35.740864,35.74037,35.73987,35.73933,35.738792,35.738224,35.737644,35.73706,35.736454,35.73583,35.73518,35.734528,35.733852,35.73317,35.732456,35.731735,35.730995,35.730244,35.729465,35.72869
35.764652,35.765438,35.766216,35.766964,35.76771,35.768433,35.76914,35.76983,35.770496,35.771156,35.7718,35.772423,35.773033,35.773624,35.7742,35.77476,35.77531,35.775833,35.77634,35.776844,35.777317,35.777782,35.778233,35.778664,35.779068,35.779465,35.779854,35.780216,35.780563,35.780903,35.781216,35.781513,35.7818,35.782066,35.78232,35.782566,35.78278,35.782986,35.783165,35.783333,35.783493,35.78363,35.783752,35.78386,35.783947,35.78401,35.784077,35.78412,35.78414,35.78415,35.78414,35.78412,35.784077,35.78401,35.783947,35.78386,35.783752,35.78363,35.783493,35.783333,35.783165,35.782986,35.78278,35.782566,35.78232,35.782066,35.7818,35.781513,35.781216,35.780903,35.780563,35.780216,35.779854,35.779465,35.779068,35.778664,35.778233,35.777782,35.777317,35.776844,35.77634,35.775833,35.77531,35.77476,35.7742,35.773624,35.773033,35.772423,35.7718,35.771156,35.770496,35.76983,35.76914,35.768433,35.76771,35.766964,35.766216,35.765438,35.764652
35.80062,35.80141,35.802185,35.802944,35.803677,35.804398,35.805103,35.805805,35.80647,35.807133,35.807766,35.808388,35.809006,35.809597,35.810173,35.810738,35.811283,35.811806,35.812317,35.812824,35.81329,35.813763,35.8142,35.814636,35.815052,35.815445,35.815834,35.816193,35.816547,35.816875,35.817196,35.817497,35.817783,35.818043,35.818306,35.818535,35.818764,35.81896,35.819145,35.81932,35.81947,35.81961,35.81973,35.81984,35.819923,35.820004,35.82006,35.82009,35.820126,35.820126,35.820126,35.82009,35.82006,35.820004,35.819923,35.81984,35.81973,35.81961,35.81947,35.81932,35.819145,35.81896,35.818764,35.818535,35.818306,35.818043,35.817783,35.817497,35.817196,35.816875,35.816547,35.816193,35.815834,35.815445,35.815052,35.814636,35.8142,35.813763,35.81329,35.812824,35.812317,35.811806,35.811283,35.810738,35.810173,35.809597,35.809006,35.808388,35.807766,35.807133,35.80647,35.805805,35.805103,35.804398,35.803677,35.802944,35.802185,35.80141,35.80062
35.8366,35.837383,35.83815,35.838913,35.839653,35.840374,35.841072,35.84177,35.84244,35.84311,35.843742,35.844368,35.84498,35.845577,35.846157,35.846714,35.847267,35.847786,35.848305,35.84879,35.84927,35.84974,35.850185,35.85062,35.851032,35.85142,35.85181,35.852173,35.85252,35.852856,35.85317,35.853474,35.853752,35.85402,35.854275,35.85452,35.854733,35.854942,35.855125,35.855305,35.855442,35.85559,35.85571,35.85582,35.855904,35.85598,35.85604,35.856083,35.8561,35.856106,35.8561,35.856083,35.85604,35.85598,35.855904,35.85582,35.85571,35.85559,35.855442,35.855305,35.855125,35.854942,35.854733,35.85452,35.854275,35.85402,35.853752,35.853474,35.85317,35.852856,35.85252,35.852173,35.85181,35.85142,35.851032,35.85062,35.850185,35.84974,35.84927,35.84879,35.848305,35.847786,35.847267,35.846714,35.846157,35.845577,35.84498,35.844368,35.843742,35.84311,35.84244,35.84177,35.841072,35.840374,35.839653,35.838913,35.83815,35.837383,35.8366
35.87256,35.87334,35.874123,35.874874,35.875614,35.87635,35.87705,35.877743,35.878414,35.879074,35.87972,35.880344,35.880955,35.881546,35.882122,35.882683,35.88323,35.883755,35.884262,35.88477,35.885242,35.885708,35.886154,35.88658,35.887,35.887398,35.887775,35.888145,35.888504,35.888836,35.889153,35.889454,35.889736,35.890003,35.890263,35.8905,35.890717,35.890915,35.8911,35.89127,35.891426,35.891567,35.891693,35.891792,35.89188,35.891956,35.892017,35.892048,35.892075,35.892082,35.892075,35.892048,35.892017,35.891956,35.89188,35.891792,35.891693,35.891567,35.891426,35.89127,35.8911,35.890915,35.890717,35.8905,35.890263,35.890003,35.889736,35.889454,35.889153,35.888836,35.888504,35.888145,35.887775,35.887398,35.887,35.88658,35.886154,35.885708,35.885242,35.88477,35.884262,35.883755,35.88323,35.882683,35.882122,35.881546,35.880955,35.880344,35.87972,35.879074,35.878414,35.877743,35.87705,35.87635,35.875614,35.874874,35.874123,35.87334,35.87256
35.908535,35.90932,35.910088,35.91086,35.911594,35.91231,35.913017,35.91372,35.91439,35.915047,35.91569,35.91632,35.916924,35.917522,35.918106,35.918667,35.91921,35.91974,35.920242,35.920746,35.921223,35.921684,35.922134,35.92256,35.92298,35.923386,35.92376,35.92413,35.924473,35.924812,35.925125,35.92543,35.925705,35.925976,35.92623,35.926476,35.92669,35.9269,35.927082,35.92726,35.927406,35.927544,35.927666,35.927776,35.927856,35.927933,35.927998,35.92803,35.928055,35.928062,35.928055,35.92803,35.927998,35.927933,35.927856,35.927776,35.927666,35.927544,35.927406,35.92726,35.927082,35.9269,35.92669,35.926476,35.92623,35.925976,35.925705,35.92543,35.925125,35.924812,35.924473,35.92413,35.92376,35.923386,35.92298,35.92256,35.922134,35.921684,35.921223,35.920746,35.920242,35.91974,35.91921,35.918667,35.918106,35.917522,35.916924,35.91632,35.91569,35.915047,35.91439,35.91372,35.913017,35.91231,35.911594,35.91086,35.910088,35.90932,35.908535
35.944492,35.945293,35.94606,35.94682,35.947563,35.948284,35.948997,35.94968,35.95036,35.951015,35.95167,35.95229,35.952892,35.95349,35.95407,35.954636,35.95518,35.9557,35.956215,35.956715,35.957203,35.957657,35.9581,35.958538,35.958954,35.95935,35.959736,35.9601,35.960453,35.96078,35.9611,35.96141,35.96169,35.961964,35.962208,35.96244,35.96267,35.962864,35.963062,35.963226,35.96338,35.963524,35.963646,35.96375,35.96384,35.96391,35.96397,35.964,35.964035,35.964043,35.964035,35.964,35.96397,35.96391,35.96384,35.96375,35.963646,35.963524,35.96338,35.963226,35.963062,35.962864,35.96267,35.96244,35.962208,35.961964,35.96169,35.96141,35.9611,35.96078,35.960453,35.9601,35.959736,35.95935,35.958954,35.958538,35.9581,35.957657,35.957203,35.956715,35.956215,35.9557,35.95518,35.954636,35.95407,35.95349,35.952892,35.95229,35.95167,35.951015,35.95036,35.94968,35.948997,35.948284,35.947563,35.94682,35.94606,35.945293,35.944492
35.980476,35.981255,35.98203,35.982788,35.98353,35.984264,35.984966,35.985657,35.986332,35.98699,35.987633,35.988262,35.988876,35.989468,35.990047,35.99061,35.99116,35.991688,35.99219,35.992695,35.993168,35.993637,35.994083,35.994514,35.994938,35.995327,35.995716,35.996082,35.996426,35.996758,35.997078,35.997383,35.99766,35.997936,35.998196,35.998417,35.99864,35.99885,35.999035,35.99921,35.999367,35.999496,35.999622,35.99973,35.99982,35.999886,35.99995,35.999985,36.00001,36.000015,36.00001,35.999985,35.99995,35.999886,35.99982,35.99973,35.999622,35.999496,35.999367,35.99921,35.999035,35.99885,35.99864,35.998417,35.998196,35.997936,35.99766,35.997383,35.997078,35.996758,35.996426,35.996082,35.995716,35.995327,35.994938,35.994514,35.994083,35.993637,35.993168,35.992695,35.99219,35.991688,35.99116,35.99061,35.990047,35.989468,35.988876,35.988262,35.987633,35.98699,35.986332,35.985657,35.984966,35.984264,35.98353,35.982788,35.98203,35.981255,35.980476
36.016438,36.017223,36.017998,36.01877,36.019505,36.02022,36.02093,36.021633,36.022305,36.02296,36.0236,36.024235,36.02484,36.02544,36.02602,36.026585,36.027126,36.027653,36.02817,36.02866,36.029144,36.02961,36.030056,36.030487,36.030903,36.031303,36.031685,36.03205,36.032402,36.032745,36.033054,36.03336,36.03364,36.033905,36.034164,36.0344,36.034622,36.034817,36.03502,36.03518,36.035336,36.035473,36.0356,36.035694,36.035797,36.035862,36.03592,36.03596,36.035984,36.036,36.035984,36.03596,36.03592,36.035862,36.035797,36.035694,36.0356,36.035473,36.035336,36.03518,36.03502,36.034817,36.034622,36.0344,36.034164,36.033905,36.03364,36.03336,36.033054,36.032745,36.032402,36.03205,36.031685,36.031303,36.030903,36.030487,36.030056,36.02961,36.029144,36.02866,36.02817,36.027653,36.027126,36.026585,36.02602,36.02544,36.02484,36.024235,36.0236,36.02296,36.022305,36.021633,36.02093,36.02022,36.019505,36.01877,36.017998,36.017223,36.016438
36.05241,36.053196,36.053978,36.054733,36.05547,36.056202,36.056915,36.0576,36.058273,36.05894,36.05958,36.0602,36.060825,36.061417,36.061985,36.06255,36.0631,36.06363,36.06414,36.06464,36.06512,36.06559,36.06604,36.066467,36.06688,36.067287,36.06766,36.068035,36.068382,36.068718,36.069035,36.069332,36.069626,36.069885,36.070133,36.070374,36.07059,36.070797,36.07099,36.07116,36.071323,36.071453,36.07158,36.07169,36.07178,36.071846,36.071903,36.071938,36.071968,36.071976,36.071968,36.071938,36.071903,36.071846,36.07178,36.07169,36.07158,36.071453,36.071323,36.07116,36.07099,36.070797,36.07059,36.070374,36.070133,36.069885,36.069626,36.069332,36.069035,36.068718,36.068382,36.068035,36.06766,36.067287,36.06688,36.066467,36.06604,36.06559,36.06512,36.06464,36.06414,36.06363,36.0631,36.06255,36.061985,36.061417,36.060825,36.0602,36.05958,36.05894,36.058273,36.0576,36.056915,36.056202,36.05547,36.054733,36.053978,36.053196,36.05241
36.08837,36.08916,36.089943,36.090706,36.09144,36.09217,36.092873,36.093563,36.09424,36.094906,36.095547,36.096172,36.096786,36.097385,36.097965,36.098526,36.09907,36.099606,36.10012,36.10061,36.101093,36.10156,36.102005,36.102432,36.10286,36.103256,36.103638,36.103996,36.104355,36.10468,36.10501,36.10531,36.105595,36.10586,36.106113,36.106358,36.10657,36.10678,36.10696,36.107132,36.10729,36.107426,36.10755,36.107655,36.10775,36.107822,36.10787,36.10792,36.10795,36.107952,36.10795,36.10792,36.10787,36.107822,36.10775,36.107655,36.10755,36.107426,36.10729,36.107132,36.10696,36.10678,36.10657,36.106358,36.106113,36.10586,36.105595,36.10531,36.10501,36.10468,36.104355,36.103996,36.103638,36.103256,36.10286,36.102432,36.102005,36.10156,36.101093,36.10061,36.10012,36.099606,36.09907,36.098526,36.097965,36.097385,36.096786,36.096172,36.095547,36.094906,36.09424,36.093563,36.092873,36.09217,36.09144,36.090706,36.089943,36.08916,36.08837
36.124344,36.125134,36.125916,36.12667,36.127407,36.12814,36.128845,36.129547,36.13022,36.13088,36.131516,36.132153,36.132767,36.133358,36.13393,36.1345,36.13505,36.135574,36.1361,36.13658,36.13707,36.13754,36.13798,36.13842,36.138844,36.139233,36.139618,36.13998,36.140327,36.140667,36.14099,36.141285,36.14158,36.141838,36.142097,36.142334,36.142555,36.142757,36.142944,36.143116,36.143272,36.14341,36.143528,36.14364,36.143726,36.1438,36.14386,36.14389,36.143917,36.14393,36.143917,36.14389,36.14386,36.1438,36.143726,36.14364,36.143528,36.14341,36.143272,36.143116,36.142944,36.142757,36.142555,36.142334,36.142097,36.141838,36.14158,36.141285,36.14099,36.140667,36.140327,36.13998,36.139618,36.139233,36.138844,36.13842,36.13798,36.13754,36.13707,36.13658,36.1361,36.135574,36.13505,36.1345,36.13393,36.133358,36.132767,36.132153,36.131516,36.13088,36.13022,36.129547,36.128845,36.12814,36.127407,36.12667,36.125916,36.125134,36.124344
36.16032,36.161114,36.16188,36.16264,36.163383,36.164116,36.16482,36.165512,36.166183,36.16686,36.1675,36.16813,36.16873,36.169334,36.16991,36.170475,36.171024,36.171555,36.172066,36.172565,36.173046,36.173515,36.173958,36.17439,36.174805,36.17521,36.175602,36.17595,36.176308,36.17665,36.176964,36.177265,36.177544,36.17782,36.17807,36.17831,36.178528,36.178738,36.178925,36.17909,36.179253,36.179386,36.179512,36.179623,36.179703,36.17977,36.179836,36.179874,36.179897,36.17991,36.179897,36.179874,36.179836,36.17977,36.179703,36.179623,36.179512,36.179386,36.179253,36.17909,36.178925,36.178738,36.178528,36.17831,36.17807,36.17782,36.177544,36.177265,36.176964,36.17665,36.176308,36.17595,36.175602,36.17521,36.174805,36.17439,36.173958,36.173515,36.173046,36.172565,36.172066,36.171555,36.171024,36.170475,36.16991,36.169334,36.16873,36.16813,36.1675,36.16686,36.166183,36.165512,36.16482,36.164116,36.163383,36.16264,36.16188,36.161114,36.16032
36.19628,36.19707,36.19785,36.198605,36.199356,36.200073,36.200783,36.201477,36.202152,36.202824,36.203465,36.2041,36.2047,36.205303,36.205875,36.206444,36.20699,36.207523,36.20804,36.208534,36.20902,36.20948,36.20993,36.210373,36.210777,36.211174,36.211567,36.211937,36.212284,36.212616,36.21293,36.21324,36.21352,36.213795,36.214054,36.214283,36.214504,36.214706,36.21489,36.21507,36.21523,36.21535,36.215477,36.215588,36.215687,36.21575,36.215816,36.215847,36.215874,36.21588,36.215874,36.215847,36.215816,36.21575,36.215687,36.215588,36.215477,36.21535,36.21523,36.21507,36.21489,36.214706,36.214504,36.214283,36.214054,36.213795,36.21352,36.21324,36.21293,36.212616,36.212284,36.211937,36.211567,36.211174,36.210777,36.210373,36.20993,36.20948,36.20902,36.208534,36.20804,36.207523,36.20699,36.206444,36.205875,36.205303,36.2047,36.2041,36.203465,36.202824,36.202152,36.201477,36.200783,36.200073,36.199356,36.198605,36.19785,36.19707,36.19628
36.232246,36.233044,36.233826,36.234573,36.23533,36.236053,36.23676,36.23746,36.238132,36.238792,36.239437,36.240063,36.240677,36.241276,36.24185,36.242416,36.242966,36.243496,36.24401,36.244514,36.244987,36.245457,36.245907,36.246334,36.246758,36.247154,36.247536,36.247902,36.248257,36.24859,36.24891,36.249214,36.249496,36.249767,36.250023,36.250263,36.25048,36.250687,36.250877,36.251045,36.2512,36.25134,36.251465,36.251575,36.25166,36.25173,36.25179,36.251827,36.25185,36.25186,36.25185,36.251827,36.25179,36.25173,36.25166,36.251575,36.251465,36.25134,36.2512,36.251045,36.250877,36.250687,36.25048,36.250263,36.250023,36.249767,36.249496,36.249214,36.24891,36.24859,36.248257,36.247902,36.247536,36.247154,36.246758,36.246334,36.245907,36.245457,36.244987,36.244514,36.24401,36.243496,36.242966,36.242416,36.24185,36.241276,36.240677,36.240063,36.239437,36.238792,36.238132,36.23746,36.23676,36.236053,36.23533,36.234573,36.233826,36.233044,36.232246
36.26822,36.269,36.269787,36.270542,36.27129,36.272022,36.27273,36.273422,36.274097,36.27476,36.275414,36.27603,36.276646,36.27724,36.277824,36.27839,36.27894,36.279465,36.279987,36.28049,36.28096,36.28143,36.281887,36.282314,36.282726,36.283127,36.283516,36.283886,36.284233,36.284565,36.284893,36.285187,36.28548,36.285748,36.286007,36.28623,36.286465,36.28666,36.28684,36.28702,36.28717,36.287315,36.287437,36.28754,36.28764,36.287704,36.287758,36.287804,36.287827,36.287838,36.287827,36.287804,36.287758,36.287704,36.28764,36.28754,36.287437,36.287315,36.28717,36.28702,36.28684,36.28666,36.286465,36.28623,36.286007,36.285748,36.28548,36.285187,36.284893,36.284565,36.284233,36.283886,36.283516,36.283127,36.282726,36.282314,36.281887,36.28143,36.28096,36.28049,36.279987,36.279465,36.27894,36.27839,36.277824,36.27724,36.276646,36.27603,36.275414,36.27476,36.274097,36.273422,36.27273,36.272022,36.27129,36.270542,36.269787,36.269,36.26822
36.30418,36.30498,36.30575,36.30652,36.307255,36.307987,36.3087,36.309395,36.310066,36.310734,36.31137,36.31201,36.312626,36.313217,36.3138,36.314365,36.314903,36.31545,36.315964,36.316456,36.316936,36.3174,36.317844,36.318283,36.318707,36.319107,36.319492,36.319862,36.32021,36.32055,36.32086,36.321163,36.32145,36.321724,36.321976,36.322212,36.322433,36.322636,36.32282,36.323,36.32316,36.323284,36.323406,36.32353,36.323616,36.323685,36.323746,36.323776,36.323803,36.32381,36.323803,36.323776,36.323746,36.323685,36.323616,36.32353,36.323406,36.323284,36.32316,36.323,36.32282,36.322636,36.322433,36.322212,36.321976,36.321724,36.32145,36.321163,36.32086,36.32055,36.32021,36.319862,36.319492,36.319107,36.318707,36.318283,36.317844,36.3174,36.316936,36.316456,36.315964,36.31545,36.314903,36.314365,36.3138,36.313217,36.312626,36.31201,36.31137,36.310734,36.310066,36.309395,36.3087,36.307987,36.307255,36.30652,36.30575,36.30498,36.30418
36.340153,36.340942,36.34172,36.34248,36.343224,36.34395,36.344666,36.345364,36.34604,36.346706,36.347347,36.347977,36.34859,36.34919,36.349766,36.35033,36.350883,36.351406,36.35193,36.35243,36.352913,36.353382,36.353832,36.354256,36.354675,36.355072,36.355457,36.355827,36.356182,36.356514,36.356842,36.357136,36.35743,36.35769,36.357944,36.35818,36.358406,36.358612,36.358807,36.35897,36.35912,36.359264,36.359386,36.35949,36.35959,36.35966,36.359707,36.359753,36.359787,36.359787,36.359787,36.359753,36.359707,36.35966,36.35959,36.35949,36.359386,36.359264,36.35912,36.35897,36.358807,36.358612,36.358406,36.35818,36.357944,36.35769,36.35743,36.357136,36.356842,36.356514,36.356182,36.355827,36.355457,36.355072,36.354675,36.354256,36.353832,36.353382,36.352913,36.35243,36.35193,36.351406,36.350883,36.35033,36.349766,36.34919,36.34859,36.347977,36.347347,36.346706,36.34604,36.345364,36.344666,36.34395,36.343224,36.34248,36.34172,36.340942,36.340153
36.376118,36.37692,36.377693,36.378456,36.3792,36.379925,36.38063,36.381332,36.382008,36.382668,36.383324,36.383953,36.384567,36.385162,36.38574,36.386303,36.38685,36.387394,36.387905,36.38841,36.388885,36.389355,36.389797,36.39023,36.390656,36.39105,36.391438,36.3918,36.392155,36.39249,36.39281,36.393112,36.3934,36.393665,36.393917,36.39416,36.394386,36.39459,36.39477,36.39495,36.395107,36.395233,36.39536,36.39547,36.39556,36.395638,36.3957,36.39573,36.395756,36.395763,36.395756,36.39573,36.3957,36.395638,36.39556,36.39547,36.39536,36.395233,36.395107,36.39495,36.39477,36.39459,36.394386,36.39416,36.393917,36.393665,36.3934,36.393112,36.39281,36.39249,36.392155,36.3918,36.391438,36.39105,36.390656,36.39023,36.389797,36.389355,36.388885,36.38841,36.387905,36.387394,36.38685,36.386303,36.38574,36.385162,36.384567,36.383953,36.383324,36.382668,36.382008,36.381332,36.38063,36.379925,36.3792,36.378456,36.377693,36.37692,36.376118
36.412086,36.412888,36.413654,36.414425,36.41516,36.415897,36.416607,36.417305,36.41798,36.41865,36.4193,36.419918,36.420532,36.421127,36.42171,36.422283,36.422825,36.42336,36.423878,36.424377,36.42486,36.425316,36.42578,36.426212,36.426636,36.42702,36.427414,36.42778,36.42813,36.428467,36.42879,36.429092,36.429375,36.42965,36.4299,36.430138,36.430367,36.430565,36.43075,36.430923,36.431084,36.431225,36.431343,36.431454,36.431534,36.43161,36.431675,36.431705,36.431736,36.43174,36.431736,36.431705,36.431675,36.43161,36.431534,36.431454,36.431343,36.431225,36.431084,36.430923,36.43075,36.430565,36.430367,36.430138,36.4299,36.42965,36.429375,36.429092,36.42879,36.428467,36.42813,36.42778,36.427414,36.42702,36.426636,36.426212,36.42578,36.425316,36.42486,36.424377,36.423878,36.42336,36.422825,36.422283,36.42171,36.421127,36.420532,36.419918,36.4193,36.41865,36.41798,36.417305,36.416607,36.415897,36.41516,36.414425,36.413654,36.412888,36.412086
36.44805,36.448853,36.44962,36.450382,36.451134,36.45186,36.45257,36.453266,36.453945,36.454617,36.455257,36.455887,36.4565,36.4571,36.457687,36.458244,36.458794,36.459324,36.459846,36.46035,36.460827,36.461292,36.461742,36.462185,36.462605,36.463,36.463387,36.46376,36.464108,36.464436,36.464756,36.46506,36.465347,36.465614,36.465866,36.46611,36.466328,36.46654,36.466724,36.4669,36.46705,36.467186,36.467304,36.467415,36.467514,36.467587,36.467644,36.467678,36.46771,36.467716,36.46771,36.467678,36.467644,36.467587,36.467514,36.467415,36.467304,36.467186,36.46705,36.4669,36.466724,36.46654,36.466328,36.46611,36.465866,36.465614,36.465347,36.46506,36.464756,36.464436,36.464108,36.46376,36.463387,36.463,36.462605,36.462185,36.461742,36.461292,36.460827,36.46035,36.459846,36.459324,36.458794,36.458244,36.457687,36.4571,36.4565,36.455887,36.455257,36.454617,36.453945,36.453266,36.45257,36.45186,36.451134,36.450382,36.44962,36.448853,36.44805
36.484013,36.484814,36.48559,36.486355,36.487095,36.48783,36.488537,36.489243,36.48993,36.490585,36.49123,36.49186,36.49248,36.49307,36.493652,36.494225,36.49477,36.495304,36.495823,36.49632,36.496807,36.497272,36.497723,36.49815,36.498566,36.498978,36.49936,36.499733,36.500084,36.500412,36.500732,36.501038,36.501328,36.501595,36.50185,36.50209,36.502308,36.502514,36.5027,36.502872,36.503033,36.503166,36.50329,36.503403,36.503494,36.50356,36.50362,36.503654,36.503685,36.50369,36.503685,36.503654,36.50362,36.50356,36.503494,36.503403,36.50329,36.503166,36.503033,36.502872,36.5027,36.502514,36.502308,36.50209,36.50185,36.501595,36.501328,36.501038,36.500732,36.500412,36.500084,36.499733,36.49936,36.498978,36.498566,36.49815,36.497723,36.497272,36.496807,36.49632,36.495823,36.495304,36.49477,36.494225,36.493652,36.49307,36.49248,36.49186,36.49123,36.490585,36.48993,36.489243,36.488537,36.48783,36.487095,36.486355,36.48559,36.484814,36.484013
36.519985,36.520782,36.521557,36.52232,36.523064,36.523796,36.52451,36.52521,36.525887,36.526558,36.5272,36.52783,36.528442,36.52904,36.529633,36.530186,36.53073,36.531265,36.531784,36.532284,36.53277,36.533237,36.533688,36.534126,36.53455,36.534943,36.535324,36.535694,36.53605,36.536385,36.5367,36.537006,36.537296,36.53756,36.537823,36.53806,36.53828,36.538483,36.53867,36.53885,36.539,36.539143,36.53927,36.539364,36.539463,36.539536,36.53958,36.539635,36.539654,36.539673,36.539654,36.539635,36.53958,36.539536,36.539463,36.539364,36.53927,36.539143,36.539,36.53885,36.53867,36.538483,36.53828,36.53806,36.537823,36.53756,36.537296,36.537006,36.5367,36.536385,36.53605,36.535694,36.535324,36.534943,36.53455,36.534126,36.533688,36.533237,36.53277,36.532284,36.531784,36.531265,36.53073,36.530186,36.529633,36.52904,36.528442,36.52783,36.5272,36.526558,36.525887,36.52521,36.52451,36.523796,36.523064,36.52232,36.521557,36.520782,36.519985
36.55595,36.556755,36.557526,36.558285,36.559025,36.55976,36.560486,36.561172,36.561848,36.56252,36.563168,36.563805,36.564423,36.56501,36.565594,36.56617,36.566704,36.56725,36.56777,36.568268,36.56875,36.569214,36.569653,36.5701,36.570515,36.57091,36.5713,36.571667,36.572018,36.572372,36.57268,36.572987,36.573265,36.573544,36.573795,36.574036,36.574253,36.574463,36.574646,36.57482,36.574978,36.575115,36.575237,36.575344,36.575443,36.57551,36.575573,36.575603,36.57563,36.575638,36.57563,36.575603,36.575573,36.57551,36.575443,36.575344,36.575237,36.575115,36.574978,36.57482,36.574646,36.574463,36.574253,36.574036,36.573795,36.573544,36.573265,36.572987,36.57268,36.572372,36.572018,36.571667,36.5713,36.57091,36.570515,36.5701,36.569653,36.569214,36.56875,36.568268,36.56777,36.56725,36.566704,36.56617,36.565594,36.56501,36.564423,36.563805,36.563168,36.56252,36.561848,36.561172,36.560486,36.55976,36.559025,36.558285,36.557526,36.556755,36.55595
36.59191,36.592712,36.59348,36.59425,36.595,36.59572,36.596447,36.597134,36.597813,36.59848,36.599136,36.599766,36.600384,36.600967,36.60156,36.60213,36.602676,36.603214,36.60373,36.604225,36.604713,36.60518,36.605633,36.60606,36.60648,36.60689,36.607277,36.607643,36.607998,36.60833,36.608654,36.60895,36.60924,36.609512,36.60977,36.61001,36.61023,36.610428,36.610626,36.610786,36.610947,36.611088,36.611214,36.611313,36.6114,36.61148,36.61153,36.61158,36.611607,36.611618,36.611607,36.61158,36.61153,36.61148,36.6114,36.611313,36.611214,36.611088,36.610947,36.610786,36.610626,36.610428,36.61023,36.61001,36.60977,36.609512,36.60924,36.60895,36.608654,36.60833,36.607998,36.607643,36.607277,36.60689,36.60648,36.60606,36.605633,36.60518,36.604713,36.604225,36.60373,36.603214,36.602676,36.60213,36.60156,36.600967,36.600384,36.599766,36.599136,36.59848,36.597813,36.597134,36.596447,36.59572,36.595,36.59425,36.59348,36.592712,36.59191
36.62788,36.62868,36.629463,36.630215,36.630966,36.631706,36.632412,36.633106,36.633793,36.634457,36.6351,36.635727,36.63636,36.63695,36.637535,36.638103,36.638645,36.63918,36.6397,36.640198,36.640686,36.641155,36.641605,36.64204,36.642456,36.642864,36.64325,36.64362,36.64397,36.6443,36.644627,36.644928,36.645214,36.64549,36.64574,36.64598,36.6462,36.646408,36.646595,36.646774,36.646923,36.64706,36.647186,36.647297,36.64739,36.647453,36.647514,36.647552,36.64758,36.647587,36.64758,36.647552,36.647514,36.647453,36.64739,36.647297,36.647186,36.64706,36.646923,36.646774,36.646595,36.646408,36.6462,36.64598,36.64574,36.64549,36.645214,36.644928,36.644627,36.6443,36.64397,36.64362,36.64325,36.642864,36.642456,36.64204,36.641605,36.641155,36.640686,36.640198,36.6397,36.63918,36.638645,36.638103,36.637535,36.63695,36.63636,36.635727,36.6351,36.634457,36.633793,36.633106,36.632412,36.631706,36.630966,36.630215,36.629463,36.62868,36.62788
36.66384,36.664642,36.66542,36.666187,36.66694,36.667667,36.66837,36.669075,36.66975,36.670425,36.671066,36.671707,36.672318,36.672913,36.673504,36.67407,36.674618,36.675156,36.675674,36.67617,36.676655,36.677124,36.67758,36.678005,36.678432,36.678837,36.679222,36.67959,36.679943,36.68028,36.680603,36.6809,36.681187,36.681465,36.681717,36.68195,36.68218,36.68239,36.68257,36.682743,36.68289,36.683037,36.683155,36.683273,36.683357,36.68343,36.68349,36.68352,36.683548,36.683567,36.683548,36.68352,36.68349,36.68343,36.683357,36.683273,36.683155,36.683037,36.68289,36.682743,36.68257,36.68239,36.68218,36.68195,36.681717,36.681465,36.681187,36.6809,36.680603,36.68028,36.679943,36.67959,36.679222,36.678837,36.678432,36.678005,36.67758,36.677124,36.676655,36.67617,36.675674,36.675156,36.674618,36.67407,36.673504,36.672913,36.672318,36.671707,36.671066,36.670425,36.66975,36.669075,36.66837,36.667667,36.66694,36.666187,36.66542,36.664642,36.66384
36.69981,36.700607,36.70139,36.70216,36.702904,36.703632,36.70434,36.705044,36.705723,36.706383,36.70704,36.707664,36.708286,36.708885,36.70947,36.710037,36.71058,36.711124,36.71164,36.712143,36.712616,36.7131,36.713543,36.71399,36.714397,36.714798,36.715183,36.715557,36.715904,36.716248,36.716564,36.716873,36.71716,36.717426,36.717678,36.717922,36.71814,36.71835,36.71854,36.718708,36.71887,36.719006,36.719128,36.71924,36.71933,36.719402,36.719463,36.719494,36.71952,36.71954,36.71952,36.719494,36.719463,36.719402,36.71933,36.71924,36.719128,36.719006,36.71887,36.718708,36.71854,36.71835,36.71814,36.717922,36.717678,36.717426,36.71716,36.716873,36.716564,36.716248,36.715904,36.715557,36.715183,36.714798,36.714397,36.71399,36.713543,36.7131,36.712616,36.712143,36.71164,36.711124,36.71058,36.710037,36.70947,36.708885,36.708286,36.707664,36.70704,36.706383,36.705723,36.705044,36.70434,36.703632,36.702904,36.70216,36.70139,36.700607,36.69981
36.73577,36.736565,36.73736,36.73812,36.738865,36.73959,36.740307,36.74101,36.74169,36.74236,36.743008,36.743645,36.744255,36.744858,36.74544,36.746002,36.74656,36.747093,36.747612,36.748108,36.748592,36.749058,36.74951,36.749943,36.75037,36.75077,36.751163,36.75153,36.751877,36.75222,36.752533,36.752842,36.75313,36.75341,36.753662,36.753902,36.75412,36.754322,36.754513,36.754692,36.754833,36.75498,36.755104,36.755207,36.755302,36.755375,36.755432,36.75547,36.755497,36.755505,36.755497,36.75547,36.755432,36.755375,36.755302,36.755207,36.755104,36.75498,36.754833,36.754692,36.754513,36.754322,36.75412,36.753902,36.753662,36.75341,36.75313,36.752842,36.752533,36.75222,36.751877,36.75153,36.751163,36.75077,36.75037,36.749943,36.74951,36.749058,36.748592,36.748108,36.747612,36.747093,36.74656,36.746002,36.74544,36.744858,36.744255,36.743645,36.743008,36.74236,36.74169,36.74101,36.740307,36.73959,36.738865,36.73812,36.73736,36.736565,36.73577
36.77174,36.772537,36.77331,36.77408,36.774826,36.77555,36.776276,36.77697,36.77765,36.77832,36.778965,36.779602,36.78022,36.780815,36.781406,36.78197,36.78252,36.78305,36.78357,36.784073,36.784554,36.78503,36.785477,36.78592,36.78634,36.78675,36.787125,36.7875,36.787846,36.78818,36.78851,36.78882,36.789097,36.78937,36.789623,36.78986,36.79009,36.790287,36.79048,36.790653,36.790806,36.790947,36.791073,36.791183,36.791264,36.791344,36.7914,36.791447,36.791462,36.791477,36.791462,36.791447,36.7914,36.791344,36.791264,36.791183,36.791073,36.790947,36.790806,36.790653,36.79048,36.790287,36.79009,36.78986,36.789623,36.78937,36.789097,36.78882,36.78851,36.78818,36.787846,36.7875,36.787125,36.78675,36.78634,36.78592,36.785477,36.78503,36.784554,36.784073,36.78357,36.78305,36.78252,36.78197,36.781406,36.780815,36.78022,36.779602,36.778965,36.77832,36.77765,36.77697,36.776276,36.77555,36.774826,36.77408,36.77331,36.772537,36.77174
36.807697,36.808495,36.809277,36.81004,36.81079,36.81153,36.81224,36.812943,36.813618,36.81429,36.814938,36.81556,36.81619,36.816788,36.817375,36.817944,36.818493,36.819023,36.819542,36.82004,36.820534,36.821,36.82145,36.82189,36.82231,36.822716,36.823105,36.82347,36.823822,36.824158,36.824486,36.82479,36.82507,36.825348,36.8256,36.825836,36.826057,36.82626,36.826458,36.826622,36.82678,36.826923,36.82704,36.827156,36.82725,36.827316,36.827377,36.827415,36.827435,36.82745,36.827435,36.827415,36.827377,36.827316,36.82725,36.827156,36.82704,36.826923,36.82678,36.826622,36.826458,36.82626,36.826057,36.825836,36.8256,36.825348,36.82507,36.82479,36.824486,36.824158,36.823822,36.82347,36.823105,36.822716,36.82231,36.82189,36.82145,36.821,36.820534,36.82004,36.819542,36.819023,36.818493,36.817944,36.817375,36.816788,36.81619,36.81556,36.814938,36.81429,36.813618,36.812943,36.81224,36.81153,36.81079,36.81004,36.809277,36.808495,36.807697
36.84366,36.844456,36.845245,36.84601,36.84675,36.84749,36.848198,36.848904,36.849575,36.850246,36.850895,36.851543,36.852154,36.85275,36.853336,36.8539,36.85446,36.854992,36.85551,36.856007,36.8565,36.856968,36.857414,36.85786,36.85827,36.858673,36.859066,36.859432,36.8598,36.86013,36.860443,36.860756,36.86104,36.861313,36.86156,36.861805,36.862022,36.86223,36.862415,36.862595,36.862747,36.86289,36.863018,36.863117,36.863213,36.863293,36.863342,36.863388,36.863415,36.86342,36.863415,36.863388,36.863342,36.863293,36.863213,36.863117,36.863018,36.86289,36.862747,36.862595,36.862415,36.86223,36.862022,36.861805,36.86156,36.861313,36.86104,36.860756,36.860443,36.86013,36.8598,36.859432,36.859066,36.858673,36.85827,36.85786,36.857414,36.856968,36.8565,36.856007,36.85551,36.854992,36.85446,36.8539,36.853336,36.85275,36.852154,36.851543,36.850895,36.850246,36.849575,36.848904,36.848198,36.84749,36.84675,36.84601,36.845245,36.844456,36.84366
36.879623,36.88043,36.881207,36.88197,36.88271,36.883446,36.884163,36.884865,36.885555,36.886215,36.88687,36.8875,36.88811,36.88872,36.8893,36.88987,36.890423,36.89096,36.89148,36.89198,36.892464,36.892937,36.893387,36.893826,36.89425,36.89464,36.895035,36.89541,36.89576,36.8961,36.896427,36.896717,36.89701,36.897285,36.897537,36.897774,36.898,36.898205,36.8984,36.898567,36.898727,36.89886,36.898983,36.899094,36.89919,36.89926,36.89932,36.899353,36.89938,36.89939,36.89938,36.899353,36.89932,36.89926,36.89919,36.899094,36.898983,36.89886,36.898727,36.898567,36.8984,36.898205,36.898,36.897774,36.897537,36.897285,36.89701,36.896717,36.896427,36.8961,36.89576,36.89541,36.895035,36.89464,36.89425,36.893826,36.893387,36.892937,36.892464,36.89198,36.89148,36.89096,36.890423,36.88987,36.8893,36.88872,36.88811,36.8875,36.88687,36.886215,36.885555,36.884865,36.884163,36.883446,36.88271,36.88197,36.881207,36.88043,36.879623
36.91559,36.916386,36.917164,36.917927,36.91868,36.91942,36.920128,36.920834,36.92151,36.922184,36.922832,36.92346,36.924084,36.92468,36.92527,36.92584,36.926388,36.926918,36.927437,36.92795,36.928432,36.928894,36.929348,36.9298,36.930206,36.93061,36.931004,36.931377,36.93173,36.932068,36.932384,36.93269,36.93298,36.93325,36.93351,36.933743,36.933968,36.934174,36.934357,36.934532,36.93469,36.934837,36.934956,36.935062,36.935154,36.93523,36.93528,36.935326,36.935356,36.93536,36.935356,36.935326,36.93528,36.93523,36.935154,36.935062,36.934956,36.934837,36.93469,36.934532,36.934357,36.934174,36.933968,36.933743,36.93351,36.93325,36.93298,36.93269,36.932384,36.932068,36.93173,36.931377,36.931004,36.93061,36.930206,36.9298,36.929348,36.928894,36.928432,36.92795,36.927437,36.926918,36.926388,36.92584,36.92527,36.92468,36.924084,36.92346,36.922832,36.922184,36.92151,36.920834,36.920128,36.91942,36.91868,36.917927,36.917164,36.916386,36.91559
36.951546,36.952347,36.953125,36.95389,36.954643,36.955376,36.95609,36.956795,36.95747,36.95814,36.958797,36.95943,36.96005,36.96066,36.961235,36.9618,36.962353,36.962894,36.963413,36.963917,36.964405,36.964867,36.965324,36.965763,36.966175,36.96658,36.966976,36.967346,36.967693,36.968033,36.968353,36.968662,36.96895,36.969227,36.969475,36.969715,36.969933,36.970146,36.97033,36.970505,36.97067,36.9708,36.970924,36.97103,36.971127,36.9712,36.97126,36.971294,36.971317,36.97133,36.971317,36.971294,36.97126,36.9712,36.971127,36.97103,36.970924,36.9708,36.97067,36.970505,36.97033,36.970146,36.969933,36.969715,36.969475,36.969227,36.96895,36.968662,36.968353,36.968033,36.967693,36.967346,36.966976,36.96658,36.966175,36.965763,36.965324,36.964867,36.964405,36.963917,36.963413,36.962894,36.962353,36.9618,36.961235,36.96066,36.96005,36.95943,36.958797,36.95814,36.95747,36.956795,36.95609,36.955376,36.954643,36.95389,36.953125,36.952347,36.951546
36.987507,36.988304,36.989086,36.98986,36.9906,36.991337,36.992054,36.992752,36.993443,36.99411,36.99476,36.99539,36.996017,36.996616,36.997196,36.997772,36.998325,36.998856,36.999382,36.999874,37.000366,37.00084,37.001293,37.001724,37.002144,37.00255,37.002937,37.003315,37.003662,37.004005,37.00432,37.00463,37.004917,37.005188,37.005447,37.005684,37.005905,37.00612,37.006306,37.00647,37.006626,37.006775,37.006893,37.007,37.007095,37.007168,37.007233,37.007263,37.007294,37.0073,37.007294,37.007263,37.007233,37.007168,37.007095,37.007,37.006893,37.006775,37.006626,37.00647,37.006306,37.00612,37.005905,37.005684,37.005447,37.005188,37.004917,37.00463,37.00432,37.004005,37.003662,37.003315,37.002937,37.00255,37.002144,37.001724,37.001293,37.00084,37.000366,36.999874,36.999382,36.998856,36.998325,36.997772,36.997196,36.996616,36.996017,36.99539,36.99476,36.99411,36.993443,36.992752,36.992054,36.991337,36.9906,36.98986,36.989086,36.988304,36.987507
37.023464,37.024265,37.025047,37.025806,37.026566,37.02729,37.028015,37.02872,37.0294,37.03007,37.03072,37.03136,37.031975,37.032578,37.033157,37.03373,37.034283,37.03482,37.035336,37.03584,37.03633,37.036797,37.037254,37.037693,37.038113,37.038517,37.038902,37.039276,37.03963,37.039963,37.04029,37.040596,37.040882,37.04115,37.041412,37.04165,37.04187,37.042084,37.042263,37.042442,37.042603,37.042747,37.04287,37.04297,37.04306,37.043137,37.043186,37.043236,37.04326,37.04327,37.04326,37.043236,37.043186,37.043137,37.04306,37.04297,37.04287,37.042747,37.042603,37.042442,37.042263,37.042084,37.04187,37.04165,37.041412,37.04115,37.040882,37.040596,37.04029,37.039963,37.03963,37.039276,37.038902,37.038517,37.038113,37.037693,37.037254,37.036797,37.03633,37.03584,37.035336,37.03482,37.034283,37.03373,37.033157,37.032578,37.031975,37.03136,37.03072,37.03007,37.0294,37.02872,37.028015,37.02729,37.026566,37.025806,37.025047,37.024265,37.023464
37.05943,37.060223,37.061,37.061783,37.06253,37.063263,37.063976,37.06468,37.065357,37.066032,37.066685,37.06732,37.06794,37.068542,37.069126,37.069706,37.070255,37.070786,37.07131,37.071804,37.072296,37.07276,37.073215,37.07366,37.074078,37.074486,37.07487,37.075237,37.0756,37.07594,37.07626,37.076565,37.07686,37.077133,37.07738,37.07762,37.07784,37.078053,37.07824,37.078407,37.078575,37.07871,37.07883,37.078938,37.07904,37.0791,37.079163,37.079197,37.079227,37.07923,37.079227,37.079197,37.079163,37.0791,37.07904,37.078938,37.07883,37.07871,37.078575,37.078407,37.07824,37.078053,37.07784,37.07762,37.07738,37.077133,37.07686,37.076565,37.07626,37.07594,37.0756,37.075237,37.07487,37.074486,37.074078,37.07366,37.073215,37.07276,37.072296,37.071804,37.07131,37.070786,37.070255,37.069706,37.069126,37.068542,37.06794,37.06732,37.066685,37.066032,37.065357,37.06468,37.063976,37.063263,37.06253,37.061783,37.061,37.060223,37.05943
37.095383,37.096184,37.096966,37.09773,37.098484,37.099216,37.09993,37.10063,37.10132,37.101997,37.10265,37.103275,37.103905,37.104496,37.105083,37.10566,37.106213,37.106743,37.107265,37.107773,37.108257,37.10873,37.10918,37.10962,37.110043,37.110447,37.110825,37.111206,37.11156,37.111897,37.11222,37.11253,37.112812,37.113087,37.11334,37.11359,37.113808,37.114006,37.114197,37.114376,37.114536,37.114677,37.1148,37.114902,37.114994,37.115074,37.11512,37.115166,37.1152,37.115204,37.1152,37.115166,37.11512,37.115074,37.114994,37.114902,37.1148,37.114677,37.114536,37.114376,37.114197,37.114006,37.113808,37.11359,37.11334,37.113087,37.112812,37.11253,37.11222,37.111897,37.11156,37.111206,37.110825,37.110447,37.110043,37.10962,37.10918,37.10873,37.108257,37.107773,37.107265,37.106743,37.106213,37.10566,37.105083,37.104496,37.103905,37.103275,37.10265,37.101997,37.10132,37.10063,37.09993,37.099216,37.098484,37.09773,37.096966,37.096184,37.095383
37.131348,37.13214,37.132923,37.133698,37.134445,37.135185,37.1359,37.136604,37.137283,37.137955,37.138603,37.139248,37.13986,37.140465,37.141052,37.14163,37.14218,37.142715,37.143234,37.143734,37.144222,37.144695,37.14515,37.145588,37.146008,37.146404,37.146797,37.14717,37.14753,37.14787,37.148182,37.14849,37.14878,37.14905,37.14931,37.14955,37.149776,37.149986,37.15017,37.15035,37.1505,37.150642,37.150764,37.150875,37.15097,37.151035,37.1511,37.15113,37.15116,37.15117,37.15116,37.15113,37.1511,37.151035,37.15097,37.150875,37.150764,37.150642,37.1505,37.15035,37.15017,37.149986,37.149776,37.14955,37.14931,37.14905,37.14878,37.14849,37.148182,37.14787,37.14753,37.14717,37.146797,37.146404,37.146008,37.145588,37.14515,37.144695,37.144222,37.143734,37.143234,37.142715,37.14218,37.14163,37.141052,37.140465,37.13986,37.139248,37.138603,37.137955,37.137283,37.136604,37.1359,37.135185,37.134445,37.133698,37.132923,37.13214,37.131348
37.167294,37.1681,37.16888,37.16966,37.170403,37.171135,37.171856,37.17256,37.17324,37.173904,37.17456,37.175205,37.175816,37.176422,37.177006,37.177586,37.17814,37.17867,37.179188,37.179703,37.180176,37.180656,37.181114,37.181553,37.181976,37.18238,37.18277,37.183132,37.18349,37.183823,37.18415,37.184464,37.184746,37.18502,37.185276,37.185513,37.185745,37.18594,37.18613,37.186314,37.186466,37.18661,37.186733,37.186836,37.186924,37.187004,37.187054,37.187103,37.18713,37.187138,37.18713,37.187103,37.187054,37.187004,37.186924,37.186836,37.186733,37.18661,37.186466,37.186314,37.18613,37.18594,37.185745,37.185513,37.185276,37.18502,37.184746,37.184464,37.18415,37.183823,37.18349,37.183132,37.18277,37.18238,37.181976,37.181553,37.181114,37.180656,37.180176,37.179703,37.179188,37.17867,37.17814,37.177586,37.177006,37.176422,37.175816,37.175205,37.17456,37.173904,37.17324,37.17256,37.171856,37.171135,37.170403,37.16966,37.16888,37.1681,37.167294
37.20326,37.20406,37.20484,37.205616,37.206364,37.207096,37.207817,37.20851,37.2092,37.209877,37.210526,37.211163,37.211784,37.212395,37.212975,37.213547,37.2141,37.214638,37.215157,37.215664,37.216152,37.216618,37.217075,37.21752,37.217937,37.21834,37.218727,37.219093,37.21946,37.21979,37.220116,37.22042,37.220715,37.22099,37.22124,37.221478,37.221703,37.22191,37.222103,37.222282,37.222435,37.222576,37.2227,37.222805,37.222893,37.22297,37.223034,37.223064,37.22309,37.223106,37.22309,37.223064,37.223034,37.22297,37.222893,37.222805,37.2227,37.222576,37.222435,37.222282,37.222103,37.22191,37.221703,37.221478,37.22124,37.22099,37.220715,37.22042,37.220116,37.21979,37.21946,37.219093,37.218727,37.21834,37.217937,37.21752,37.217075,37.216618,37.216152,37.215664,37.215157,37.214638,37.2141,37.213547,37.212975,37.212395,37.211784,37.211163,37.210526,37.209877,37.2092,37.20851,37.207817,37.207096,37.206364,37.205616,37.20484,37.20406,37.20326
37.23921,37.24001,37.240803,37.24156,37.242325,37.24306,37.243782,37.244484,37.245167,37.245834,37.246494,37.247124,37.247746,37.24835,37.24893,37.249504,37.25006,37.2506,37.251114,37.25162,37.252113,37.252586,37.253044,37.253475,37.2539,37.254307,37.254696,37.255062,37.25542,37.255753,37.256084,37.25639,37.256676,37.256947,37.257202,37.257458,37.25767,37.257885,37.25807,37.258244,37.258396,37.258537,37.258667,37.258762,37.258865,37.258934,37.258995,37.25903,37.259056,37.259068,37.259056,37.25903,37.258995,37.258934,37.258865,37.258762,37.258667,37.258537,37.258396,37.258244,37.25807,37.257885,37.25767,37.257458,37.257202,37.256947,37.256676,37.25639,37.256084,37.255753,37.25542,37.255062,37.254696,37.254307,37.2539,37.253475,37.253044,37.252586,37.252113,37.25162,37.251114,37.2506,37.25006,37.249504,37.24893,37.24835,37.247746,37.247124,37.246494,37.245834,37.245167,37.244484,37.243782,37.24306,37.242325,37.24156,37.240803,37.24001,37.23921
37.275158,37.275974,37.276752,37.27752,37.27828,37.279015,37.27973,37.280437,37.281128,37.281788,37.282448,37.283085,37.283707,37.28431,37.284904,37.285465,37.28602,37.28656,37.28708,37.287582,37.288067,37.28854,37.288998,37.289444,37.28986,37.29026,37.29065,37.291027,37.29138,37.29172,37.292046,37.29235,37.29264,37.29292,37.29317,37.293407,37.29363,37.293842,37.294033,37.294205,37.294365,37.294506,37.29463,37.29473,37.294823,37.294895,37.294952,37.295002,37.29502,37.295036,37.29502,37.295002,37.294952,37.294895,37.294823,37.29473,37.29463,37.294506,37.294365,37.294205,37.294033,37.293842,37.29363,37.293407,37.29317,37.29292,37.29264,37.29235,37.292046,37.29172,37.29138,37.291027,37.29065,37.29026,37.28986,37.289444,37.288998,37.28854,37.288067,37.287582,37.28708,37.28656,37.28602,37.285465,37.284904,37.28431,37.283707,37.283085,37.282448,37.281788,37.281128,37.280437,37.27973,37.279015,37.27828,37.27752,37.276752,37.275974,37.275158
37.311123,37.311924,37.312717,37.31348,37.314236,37.31497,37.315693,37.3164,37.317078,37.31775,37.3184,37.319042,37.31966,37.320267,37.32085,37.321423,37.32198,37.322525,37.32304,37.32355,37.32403,37.32451,37.324963,37.3254,37.325825,37.326225,37.326614,37.326992,37.327335,37.327682,37.32801,37.32832,37.328598,37.32888,37.329136,37.329365,37.329605,37.329796,37.329994,37.330166,37.330326,37.330467,37.330593,37.3307,37.330795,37.33086,37.330925,37.330956,37.330982,37.330994,37.330982,37.330956,37.330925,37.33086,37.330795,37.3307,37.330593,37.330467,37.330326,37.330166,37.329994,37.329796,37.329605,37.329365,37.329136,37.32888,37.328598,37.32832,37.32801,37.327682,37.327335,37.326992,37.326614,37.326225,37.325825,37.3254,37.324963,37.32451,37.32403,37.32355,37.32304,37.322525,37.32198,37.321423,37.32085,37.320267,37.31966,37.319042,37.3184,37.31775,37.317078,37.3164,37.315693,37.31497,37.314236,37.31348,37.312717,37.311924,37.311123
37.347073,37.347878,37.348663,37.34943,37.35019,37.35093,37.351646,37.35235,37.35303,37.353706,37.354355,37.355,37.355625,37.356216,37.35681,37.35738,37.35794,37.358482,37.35899,37.359505,37.359993,37.36046,37.360916,37.361355,37.36178,37.362198,37.362576,37.36295,37.363308,37.363644,37.363964,37.364265,37.364563,37.364834,37.365097,37.365334,37.36555,37.365765,37.365955,37.36613,37.366283,37.366413,37.366554,37.36666,37.366745,37.366833,37.366875,37.36693,37.36695,37.366962,37.36695,37.36693,37.366875,37.366833,37.366745,37.36666,37.366554,37.366413,37.366283,37.36613,37.365955,37.365765,37.36555,37.365334,37.365097,37.364834,37.364563,37.364265,37.363964,37.363644,37.363308,37.36295,37.362576,37.362198,37.36178,37.361355,37.360916,37.36046,37.359993,37.359505,37.35899,37.358482,37.35794,37.35738,37.35681,37.356216,37.355625,37.355,37.354355,37.353706,37.35303,37.35235,37.351646,37.35093,37.35019,37.34943,37.348663,37.347878,37.347073
37.383022,37.38383,37.384624,37.385384,37.386143,37.386883,37.387604,37.388306,37.389,37.389668,37.390316,37.390957,37.391582,37.39218,37.392773,37.393337,37.39389,37.394436,37.394955,37.39547,37.39595,37.396423,37.39688,37.39732,37.397743,37.39815,37.398537,37.39891,37.399265,37.399612,37.39993,37.40023,37.40052,37.40079,37.401062,37.4013,37.401524,37.40173,37.401917,37.4021,37.402252,37.402393,37.40251,37.402622,37.402714,37.402786,37.40285,37.402885,37.40291,37.40292,37.40291,37.402885,37.40285,37.402786,37.402714,37.402622,37.40251,37.402393,37.402252,37.4021,37.401917,37.40173,37.401524,37.4013,37.401062,37.40079,37.40052,37.40023,37.39993,37.399612,37.399265,37.39891,37.398537,37.39815,37.397743,37.39732,37.39688,37.396423,37.39595,37.39547,37.394955,37.394436,37.39389,37.393337,37.392773,37.39218,37.391582,37.390957,37.390316,37.389668,37.389,37.388306,37.387604,37.386883,37.386143,37.385384,37.384624,37.38383,37.383022
37.41898,37.41979,37.420563,37.421345,37.422092,37.42283,37.423553,37.42425,37.424946,37.425617,37.426273,37.426918,37.42753,37.428135,37.428722,37.4293,37.429855,37.43039,37.43092,37.431423,37.43191,37.43238,37.43284,37.433285,37.4337,37.4341,37.434494,37.43487,37.43522,37.435562,37.435886,37.436188,37.436485,37.43676,37.43701,37.437256,37.437473,37.437687,37.437878,37.43805,37.438206,37.438347,37.43848,37.438583,37.438663,37.438755,37.438805,37.43885,37.438877,37.43888,37.438877,37.43885,37.438805,37.438755,37.438663,37.438583,37.43848,37.438347,37.438206,37.43805,37.437878,37.437687,37.437473,37.437256,37.43701,37.43676,37.436485,37.436188,37.435886,37.435562,37.43522,37.43487,37.434494,37.4341,37.4337,37.433285,37.43284,37.43238,37.43191,37.431423,37.43092,37.43039,37.429855,37.4293,37.428722,37.428135,37.42753,37.426918,37.426273,37.425617,37.424946,37.42425,37.423553,37.42283,37.422092,37.421345,37.420563,37.41979,37.41898
